彼號,hit4-lo7
彼號嘿,hit4-lo7--heh4
我,gua2
講,kong2
哭,khau3
你,li2
到底,tau3-te2
是,si7
拜幾,pai3-kui2
欲,beh4,bueh4
來,lai5
姦,kan3
咧,leh4,teh4,tih4
啥潲,siann2-siau5
無,bo5,bu5
哭爸,khau3-pe7
啥啦,siann2--lah4
聽,thiann1
哭枵,khau3-iau1
恁,lin2
雄雄,hiong5-hiong5
出聲,tshut4-siann1
創,tshong3
昨暝,tsa1-me5
阮,gun2,guan2
囝婿,kiann2-sai3
煮,tsu2
甲,kah4
歹食,phainn2-tsiah8
伊,i1,i7
按呢,an2-ne1,an2-ni1,an3-ne1
一下,tsit8-e7
有影,u7-iann2
氣,khi3,khui3
毋,m7
應,in3
好,ho2,haunn3
參加,tsham1-ka1
比賽,pi2-sai3
若,na7,na2
去,khi3
就,to7,tio7,toh8,tsiu7
莫,mai3
共,ka7
勉強,bian2-kiong2
攏,long2
認真,jin7-tsin1
讀冊,thak8-tsheh4
閣,koh4
佮,kah4,kap4
囉嗦,lo1-so1
暫時,tsiam7-si5
講話,kong2-ue7
行,kiann5,hang5
幾,kui2
步,poo7
路,loo7
喝,huah4
跤,kha1
痠,sng1
物件,mih8-kiann7
食,tsiah8,sit8
袂,be7,bue7
了,liau2
按怎,an2-tsuann2,an2-nua2,an3-tsuann2,an3-nua2
敢,kam2,kann2,kiam2
會使,e7-sai2,e7-siah4,e7-sai3,e7-saih4
提去,theh8-khi3
冰,ping1
看,khuann3
電視,tian7-si7
電視無,tian7-si7--bo5
阿共仔,a1-kiong7--a2
拍過來,phah4--kue3-lai5
請,tshiann2
兩,nng7
擺,pai2
反悔矣,huan2-hue2--ah4
這,tsit4,tse1
條,tiau5,liau5
面巾,bin7-kin1
用,iong7
三,sann1,sam1
工,kang1
有,u7
臭汗酸,tshau3-kuann7-sng1
舊年,ku7-ni5
規家伙仔,kui1-ke1-hue2-a2
佇,ti7
台北,tai5-pak4
咱,lan2
今年,kin1-ni5
想著,siunn7-tioh8,siunn7--tioh8
會,e7,hue7,ue7
發生,huat4-sing1
款,khuan2
悲劇,pi1-kiok8
因為,in1-ui7
著,tioh8,toh8,tu3
害,hai7
睏,khun3
學校,hak8-hau7
交,kau1
朋友,ping5-iu2
黃先生,ng5--sian1-sinn1
佇咧無,ti7--leh4--bo5
敢講,kam2-kong2
已經,i2-king1
愛我矣,ai3--gua2--ah4
嘛,ma7,ma3
無伊法,bo5-i1-huat4
拄才,tu2-tsiah4
地動,te7-tang7
偌,gua7,lua7
大咧,tua7--leh4
緊,kin2
覕,bih4
桌仔跤,toh4-a2-kha1
想,siunn7
啥,siannh4,siann2,sannh4
索仔,soh4-a2
呔,thai3
斷,tng7
警察,king2-tshat4
哪,na2,na3
放,pang3
人,lang5,jin5
翁,ang1
捌,bat4
來過,lai5-kue3
韓國,han5-kok4
某,boo2
知影,tsai1-iann2
愛國獎券,ai3-kok4-tsiong2-kuan3
外口,gua7-khau2
查某,tsa1-boo2,ta1-boo2
姼仔,tshit4-a2
抑是,ah8-si7,iah8-si7,iah4-si7
厝內人,tshu3-lai7-lang5
偷,thau1
通,thong1,thang1
要緊,iau3-kin2
乖乖仔,kuai1-kuai1-a2
頭家,thau5-ke1
的,e5
話,ue7
著矣,tioh8--ah4
猶未,iau2-be7,iau2-bue7,iah4-be7,a2-be7
揣著,tshue7--tioh8,tshue7-tioh8
逐家,tak8-ke1
食了,tsiah8-liau2
到,kau3
美國,bi2-kok4
開始,khai1-si2
煩惱,huan5-lo2
愛,ai3
買,be2
啥物,siann2-mih4,siann2-mih8
禮物,le2-but8
送,sang3
予,hoo7
女朋友,lu2-ping5-iu2
柑仔,kam1-a2
紅,ang5
食著,tsiah8-tioh8
酸酸,sng1-sng1
一,tsit8,it4
考,kho2
見笑,kian3-siau3
轉,tng2,tsuan2
受氣矣,siu7-khi3--ah4
橫直,huainn5-tit8
早,tsa2
想欲,siunn7-beh4
插伊矣,tshap4--i1--ah4
千萬,tshian1-ban7
毋通,m7-thang1
一千萬,tsit8-tshing1-ban7
當做,tong3-tso3,tong1-tso3
兄弟,hiann1-ti7
才,tsiah4
講的,kong2--e5
筆,pit4
生理,sing1-li2
別人,pat8-lang5
妝,tsng1
較,khah4,kah4
媠咧,sui2--leh4
提,theh8
比,pi2
食過,tsiah8-kue3
遮爾,tsiah4-ni7
好食的,ho2-tsiah8--e5
煞,suah4
知,tsai1
嫌,hiam5
薪水,sin1-sui2
傷,siunn1
少,tsio2
歡喜,huann1-hi2
免,bian2
家婆,ke1-po5
遮,tsia1,tsiah4
毋免,m7-bian2
假使,ka2-su2
做兵,tso3-ping1
好咧,ho2--leh4
上班,siong7-pan1
錢,tsinn5
隨,sui5
辭,si5
頭路,thau5-loo7
袂當,be7-tang3
偷食步,thau1-tsiah8-poo7
袂爽,be7-song2
誠,tsiann5
爽,song2
無細膩,bo5-se3-ji7
趨倒,tshu1--to2
關心,kuan1-sim1
曷,ah8
變態,pian3-thai3
真正,tsin1-tsiann3
好心,ho2-sim1
雷,lui5
唚,tsim1
答應,tah4-ing3
死心,si2-sim1
提醒,the5-tshinn2
藥仔,ioh8-a2
叫,kio3
顧,koo3
店,tiam3
媠無,sui2--bo5
有喔,u7--ooh4
全,tsuan5
台灣,tai5-uan5,tai5-uan1
兩千,nng7-tshian1,nng7-tshing1
三百,sann1-pah4
五十一萬,goo7-tsap8-it4-ban7
加,ke1,ka1
一萬,tsit8-ban7
六千,lak8-tshing1
兩百,nng7-pah4
八十八,peh4-tsap8-peh4
个,e5
看無,khuann3-bo5,khuann3--bo5
報紙,po3-tsua2
消息的,siau1-sit4--e5
是無,si7--bo5
時鐘,si5-tsing1
無閒,bo5-ing5
幸福,hing7-hok4
佗位,to2-ui7
鉛筆盒仔,ian5-pit4-ap8-a2
貯,te2
啥人,siann2-lang5
腹肚枵,pak4-too2-iau1
本,pun2
冊,tsheh4
偌濟,jua7-tsue7,lua7-tsue7,gua7-tsue7,gua7-tse7
囡仔,gin2-a2
改,kai2
考試,kho2-tshi3
進步,tsin3-poo7
分,hun1,pun1,hun7
桌頂,toh4-ting2
箸,ti7
賰,tshun1
暗頓,am3-tng3
做過,tso3-kue3
摒掃,piann3-sau3
工課,khang1-khue3,khang1-khe3
做,tso3,tsue3
時陣,si5-tsun7
注意,tsu3-i3
啥貨,siann2-hue3
請問,tshiann2-mng7
當時,tang1-si5,tong1-si5,tng1-si5
車位,tshia1-ui7
佗,toh4,to2
空格仔,khang3-keh4-a2
內,lai7
揀,king2
選項,suan2-hang7
上,siong7,siang7,tsiunn7
妥當,tho3-tong3
下底,e7-te2
句,ku3
講法,kong2-huat4
台語,tai5-gi2
描述,biau5-sut8
內容,lue7-iong5
替,the3
下跤,e7-kha1
項,hang7
符合,hu5-hap8
對話,tui3-ue7
情境,tsing5-king2
阿賢,a1-hian5
歲,hue3
氣口,khui3-khau2
袂輸,be7-su1
大,tua7
老師,lau7-su1
意思,i3-su3
睏去矣,khun3--khi3--ah4
聽的,thiann1--e5
敲,kha3
電話,tian7-ue7
揣,tshue7
方,png1,hong1
小姐的,sio2-tsia2--e5
阿婆,a1-po5
先生娘,sian1-sinn1-niu5
可能,kho2-ling5
關係,kuan1-he7
留,lau5
字條仔,ji7-tiau5-a2
母仔,bu2--a2
轉來,tng2--lai5,tng2-lai5
寫,sia2
查某囝,tsa1-boo2-kiann2
排,pai5
第,te7
丁,ting1
太太,thai3-thai3
金瓜,kim1-kue1
香菇,hiunn1-koo1
結頭菜,kiat4-thau5-tshai3
菜,tshai3
阿娘,a1-nia5
搖,io5
阿爹,a1-tia1
惜,sioh4
搖來搖去,io5-lai5-io5-khi3
阿弟仔,a1-ti7-a2
睏無,khun3--bo5
問,mng7
老母,lau7-bu2
食飽矣未,tsiah8-pa2--ah4--be7
抑,iah8,ah8,ah4
彼,he1,hit4
阿妹仔,a1-me1-a2
台南,tai5-lam5
講咧,kong2--leh4
拜,pai3
培墓,pue7-bong7
明仔載,bin5-a2-tsai3
初,tshe1,tshoo1
公元,kong1-guan5
年,ni5
箍,khoo1
十點,tsap8-tiam2
來去,lai5-khi3
會使無,e7-sai2--bo5
枝,ki1
甕,ang3
酒,tsiu2
著無,tioh8--bo5
的乎,e5--honnh4
任,jim7
里長,li2-tiunn2
阿賓伯,a1-pin1-peh4
著毋,tioh8--m7
最近,tsue3-kin7
身體,sin1-the2
好無,ho2--bo5
近來,kin7-lai5,kin7--lai5
好毋,ho2--m7
過了,kue3-liau2
錢無,tsinn5--bo5
來袂,lai5--be7
會曉袂,e7-hiau2--be7
做伙,tso3-hue2
食飯無,tsiah8-png7--bo5
鬥陣,tau3-tin7
食飯乎,tsiah8-png7--honnh4
借,tsioh4
袂使,be7-saih4,be7-sai2
穿,tshing7
媠,sui2
疼矣,thiann3--ah4
病院,penn7-inn7,penn7-inn3
食飽,tsiah8-pa2
未,be7,bue7
陳先生,tan5--sian1-sinn1
身軀,sing1-khu1,sin1-khu1
爽快,song2-khuai3
感覺,kam2-kak4
發燒,huat4-sio1
畏寒,ui3-kuann5
嚨喉,na5-au5
擽擽,ngiau1-ngiau1
有時仔,u7-si5-a2
嗽,sau3
半暝,puann3-me5
痰,tham5
色的,sik4--e5
青色,tshenn1-sik4
膿,lang5
毋過,m7-ko3,m7-koh4
有當時仔,u7-tang1-si5-a2
內底,lai7-te2
血,hueh4
小等一下,sio2-tan2--tsit8-e7
等咧,tan2--leh4
喝著,huah4-tioh8
名,mia5
入來,lip8--lai5,lip8-lai5,jip8--lai5,jip8-lai5
先生,sian1-sinn1
會用得,e7-ing7-eh4,e7-ing7-tsit4
報告矣,po3-ko3--ah4
照,tsiau3
檢查,kiam2-tsa1
結果,kiat4-ko2
流感,liu5-kam2
嚴重,giam5-tiong7
感冒,kam2-moo7
爾爾,nia7-nia7
開,khui1,khai1
另外,ling7-gua7
種,tsing2,tsiong2,tsiong3,tsing3
退燒,the3-sio1
予你,hoo7--li2
若是,na2-si7,na7-si7
粉紅的,hun2-ang5--e5
過,kue3,ke3
點鐘,tiam2-tsing1
猶是,ia2-si7,iau2-si7,iah4-si7
無效,bo5-hau7
粒,liap8
代誌啦乎,tai7-tsi3--lah4--honnh4
等,tan2,ting2
藥單,ioh8-tuann1
健保卡,kian7-po2-khah4
挈,kheh8
張,tiunn1,tng1
對,ui3,tui3
爿,ping5
樓梯,lau5-thui1
行起去,kiann5--khi2-li3
五,goo7,ngoo2
樓,lau5
領,nia2
平,penn5
躼,lo3
仝款,kang7-khuan2,kang5-khuan2
阿美仔,a1-bi2--a2
平平仔,penn5-penn5-a2
十八,tsap8-peh4
倍,pue7
巧,khiau2
遐,hiah4,hia1
用功,iong7-kong1
拍拚,phah4-piann3
成,siann5,tsiann5,sing5
歹心,phainn2-sim1
親像,tshan1-tshiunn7,tshin1-tshiunn7
豬,ti1
大箍,tua7-khoo1
目睭,bak8-tsiu1
阿姨,a1-i5
蕊,lui2
心,sim1
遐爾,hiah4-ni7
冷,ling2
烏面抐桮,oo1-bin7-la7-pue1
厝角鳥,tshu3-kak4-tsiau2
隻,tsiah4
鹿仔樹,lok8-a2-tshiu7
樟仔,tsiunn1-a2
發,huat4
密,bat8
駛車,sai2-tshia1
坐,tse7
火車,hue2-tshia1
俗,siok8
珊瑚礁,suan1-oo5-tsiau1
海草礁,hai2-tshau2-ta1
生,senn1,sing1
慢,ban7
蛇龜,tsua5-ku1
走,tsau2
蛇,tsua5
蚵仔,o5-a2
螺仔,le5-a2
貴,kui3
魚仔,hi5-a2
軟絲仔,nng2-si1-a2
泅,siu5
市仔,tshi7-a2
賣的,be7--e5
超市,tshiau1-tshi7
閣較,koh4-khah4
蝶仔,iah8-a2
鳥仔,tsiau2-a2
飛,pue1,pe1
遠,hng7
馬仔,be2-a2
羊仔,iunn5-a2
豬仔,ti1-a2
牛,gu5
濟,tse7,tsue7
今仔日,kin1-a2-jit8
其他,ki5-thann1
同學,tong5-oh8
行路,kiann5-loo7
車,tshia1
花,hue1,hua1
任何,jim7-ho5
花草,hue1-tshau2
位,ui7
小姐,sio2-tsia2
座,tso7
山,suann1,san1
懸,kuan5
差不多,tsha1-put4-to1
公分,kong1-hun1
大姊,tua7-tse2
減,kiam2
以早,i2-tsa2
一屑仔,tsit8-sut4-a2
阿姊,a1-tse2
頭殼,thau5-khak4
精光,tsing1-kong1
貧惰,pin5-tuann7
阿安,a1-an1
阿發,a1-huat4
蓋,kai3,kua3
儉,khiam7
阿秀仔,a1-siu3--a2
阿嬌姨,a1-kiau1-i5
真,tsin1
阿成,a1-sing5
兩光,liong2-kong1
濟囉,tse7--looh4
齣,tshut4
戲,hi3
頭先的,thau5-sing1--e5
悲傷,pi1-siong1
離緣,li7-ian5
了後,liau2-au7
進前,tsin3-tsing5
樂暢,lok8-thiong3
彼站,hit4-tsam7
這陣,tsit4-tsun7
日子,jit8-tsi2,lit8-tsi2
幸福咧,hing7-hok4--leh4
阿好,a1-ho2
阿財,a1-tsai5
公斤,kong1-kin1
重,tang7
寒,kuann5
變,pian3,pinn3
熱,luah8,liat8,juah8
久,ku2
查埔,tsa1-poo1,ta1-poo1
四,si3,su3
買的,be2--e5
一半,tsit8-puann3
趁的,than3--e5
公司,kong1-si1
了的,liau2--e5
媽,ma6,ma2,ma1
爸,pa6,pa5
阿水伯仔,a1-tsui2-peh4--a2
三十,sann1-tsap8
包,pau1
糖仔,thng5-a2
股票,koo2-phio3
頂,ting2
禮拜,le2-pai3
落,loh8,lak4,lau3
六百,lak8-pah4
六十,lak8-tsap8
點,tiam2
收盤,siu1-puann5
收,siu1
九千,kau2-tshing1
討,tho2
三十三,sann1-tsap8-sann1
全聯,tsuan5-lian5
標仔,phiau1-a2
希望,hi1-bang7
會赴,e7-hu3
換,uann7
雙人牌,siang1-lang5-pai5
刀仔,to1-a2
相輸,sio1-su1
千三,tshing1-sann1
遮的,tsia1--e5,tsia1-e5
攏總,long2-tsong2
百九,pah4-kau2
分開,hun1-khui1
算,sng3
雙人,siang1-lang5
套餐,tho3-tshan1
八百,peh4-pah4
七,tshit4
好額人,ho2-giah8-lang5
食會起啦,tsiah8-e7-khi2--lah4
六,lak8,liok8
四十九,si3-tsap8-kau2
出山,tshut4-suann1
麻煩,ma5-huan5
麵粉,mi7-hun2
斤半,kin1-puann3
三層,sam1-tsan5
斤,kin1
肉,bah4
起,khi2
四百,si3-pah4
悾的,khong1--e5
過年,kue3-ni5
把,pe2
青菜,tshenn1-tshai3
一百喔,tsit8-pah4--ooh4
五十,goo7-tsap8
猶閣,iau2-koh4
斗半,tau2-puann3
米,bi2
百萬,pah4-ban7
街頭,ke1-thau5
抗議,khong3-gi7
全國,tsuan5-kok4
十億捅,tsap8-ik4-thong2
欉,tsang5
樹仔,tshiu7-a2
剉了了,tsho3-liau2-liau2
發覺,huat4-kak4
原本,guan5-pun2
幾億,kui2-ik4
幾兆,kui2-tiau7
尾,bue2
了了,liau2-liau2
間,king1
豬牢,ti1-tiau5
六百外,lak8-pah4-gua7
明明,bing5-bing5
差,tsha1
十幾外,tsap8-kui2-gua7
票,phio3
當選矣,tong3-suan2--ah4
倒,to2,to3
幾若,kui2-na7,kui2-lo7
億呢,ik4--neh4
規氣,kui1-khi3
跳樓,thiau3-lau5
死死咧,si2-si2--leh4
好矣,ho2--ah4
欠,khiam3
一二十萬,it4-ji7-tsap8-ban7
立,lip8
長短,tng5-te2
一兩百外,tsit8-nng7-pah4-gua7
手頭,tshiu2-thau5
夠,kau3
二三十,ji7-sann1-tsap8
箍銀,khoo1-gin5
股市,koo2-tshi7
三百萬,sann1-pah4-ban7
厝內,tshu3-lai7
支,ki1
喙,tshui3
飼,tshi7
八,peh4,pat4,pueh4
生鉎,senn1-sian1
有夠,u7-kau3
討債,tho2-tse3
根據,kin1-ki3
民意,bin5-i3
調查,tiau5-tsa1,tiau1-tsa1
民眾,bin5-tsiong3
水,tsui2
塑膠,sok4-ka1
表示,piau2-si7
意見,i3-kian3
命,mia7
陣,tin7,tsun7
鹿港,lok8-kang2
點半,tiam2-puann3
鐘,tsing1
這站,tsit4-tsam7
出發,tshut4-huat4
下晡,e7-poo1
點外,tiam2-gua7
嘉義,ka1-gi7
坐咧,tse7--leh4,tse7-leh4
巡巡咧,sun5-sun5--leh4
看著,khuann3-tioh8,khuann3--tioh8
看著的,khuann3--tioh8--e5
烏枋,oo1-pang1
有機的,iu2-ki1--e5
雖然,sui1-lian5,sui1-jian5
想過,siunn7--kue3,siunn7-kue3
未來,bi7-lai5
刣過,thai5-kue3
雞仔,ke1-a2
驚,kiann1
小妹,sio2-mue7
迒,hann7
溝仔,kau1-a2
回,hue5
逃,to5
過啊,kue3--ah4
料理,liau7-li2
百百款,pah4-pah4-khuan2
賊仔,tshat8-a2
拄著,tu2-tioh8
阿土伯,a1-thoo2-peh4
阮的,gun2--e5
像,tshiunn7,siong7
竟然,king3-lian5,king3-jian5
大兄,tua7-hiann1
夢著,bang7-tioh8
阿爸,a1-pah4
四界,si3-ke3
行來行去,kiann5-lai5-kiann5-khi3
揣你,tshue7--li2
攑,giah8
按算,an3-sng3
刣我,thai5--gua2
劍,kiam3
刣人,thai5--lang5
抾著,khioh4--tioh8,khioh4-tioh8
狗,kau2
走著,tsau2-tioh8
寒著,kuann5--tioh8
神明桌,sin5-bing5-toh4
硞著的,khok8--tioh8--e5
空喙,khang1-tshui3
割割著的,kuah4-kuah4--tioh8--e5
阿木仔,a1-bok8--a2
無呢,bo5--neh4
可能啦,kho2-ling5--lah4
娶,tshua7
經過,king1-kue3
無意中,bo5-i3-tiong1
頭家娘,thau5-ke1-niu5
聽著,thiann1-tioh8,thiann1--tioh8
嫁矣,ke3--ah4
消息,siau1-sit4
牽的,khan1--e5
喙仔,tshui3-a2
裂獅獅,lih8-sai1-sai1
網路頂,bang7-loo7-ting2
應該,ing1-kai1
歹勢,phainn2-se3,phai2-se3
紅豆冰,ang5-tau7-ping1
愛的,ai3--e5
相信,siong1-sin3
家己,ka1-ti7,ka1-ki7
一定,it4-ting7
奅,phann7
男朋友,lam5-ping5-iu2
作者,tsok4-tsia2
出名,tshut4-mia5
冊店,tsheh4-tiam3
唱片,tshiunn3-phinn3
銷路,siau1-loo7
佳哉,ka1-tsai3
全部,tsuan5-poo7
臆臆著,ioh4-ioh4--tioh8
清明,tshing1-bing5
厝,tshu3
阿萬仔,a1-ban7--a2
轉去,tng2-khi3,tng2--khi3
喜酒,hi2-tsiu2
菜尾,tshai3-bue2
盒,ap8
餅,piann2
看覓,khuann3-mai7
買轉去,be2--tng2-khi3
紮轉去,tsah4--tng2-khi3
趕緊,kuann2-kin2
行李,hing5-li2
寄寄轉去,kia3-kia3--tng2-khi3
轉來矣,tng2--lai5--ah4
拜拜,pai3-pai3
多謝,to1-sia7
阿寶,a1-po2
揣轉來,tshue7--tng2-lai5
鬥,tau3
阿達,a1-tat8
倒轉來,to3-tng2--lai5,to2--tng2-lai5
先,sing1
買買轉來,be2-be2--tng2-lai5
落飯,loh8-png7
落肥,loh8-pui5
顛倒,thian1-to2,tian1-to3
傷著,siong1-tioh8
根,kin1
日頭,jit8-thau5
落海,loh8-hai2
規,kui1
面,bin7
消落去,siau1--loh8-khi3
食一寡,tsiah8--tsit8-kua2
山頂,suann1-ting2
地,te3
停,thing5
駛,sai2
落去,loh8-khi3,loh8--khi3
山跤,suann1-kha1
行行落去,kiann5-kiann5--loh8-khi3
落去喔,loh8--khi3--ooh4
口,khau2,khio2
恁爸,lin2-pe7
吞,thun1
梯,thui1
搬落來,puann1--loh8-lai5
學,oh8
稻仔,tiu7-a2
割落來,kuah4--loh8-lai5
跳落來的,thiau3--loh8-lai5--e5
好膽,ho2-tann2
拜過的,pai3--kue3--e5
提提落來,theh8-theh8--loh8-lai5
出去,tshut4--khi3,tshut4-khi3
計程仔,ke3-ting5-a2,khe3-ting5-a2
歹人,phainn2-lang5
運,un7
國外,kok4-gua7
飯,png7
捀,phang5
飯廳,png7-thiann1
搬搬出去,puann1-puann1--tshut4-khi3
飛出來,pue1--tshut4-lai5
跳,thiau3
出來,tshut4-lai5,tshut4--lai5
嚇驚,hennh4-kiann1
衫,sann1
挔,hiannh4
洗,se2
被單,phue7-tuann1
曝曝咧,phak8-phak8--leh4
走矣,tsau2--ah4
聲,siann1
趕出來,kuann2--tshut4-lai5
反反出來,ping2-ping2--tshut4-lai5
搤搤出來,iah4-iah4--tshut4-lai5
掖掖出來,ia7-ia7--tshut4-lai5
罐,kuan3
倒倒出來,to3-to3--tshut4-lai5
趕,kuann2
作文,tsok4-bun5
字,ji7
水矣,tsui2--ah4
門,mng5
輪椅,lun5-i2
捒,sak4
開開,khui1--khui1,khui1-khui1
毋才,m7-tsiah4
客廳,kheh4-thiann1
為著,ui7-tioh8
前途,tsian5-too5
盤,puann5
嶺,nia2
這馬,tsit4-ma2
喘,tshuan2
等我一下,tan2--gua2--tsit8-e7
騎,khia5
過來,kue3-lai5
載,tsai3
順紲,sin7-sua3,sun7-sua3
斡,uat4
載你,tsai3--li2
面頂,bin7-ting2
幌,hainn3
過去,kue3-khi3,ke3-khi3,kue3--khi3
胡蠅,hoo5-sin5
門跤口,mng5-kha1-khau2
踅,seh8
阿娘喂,a1-nia5-ue5
後,au7
個,ko3
月,gueh8
電,tian7
同齊,tang5-tse5
起價,khi2-ke3
性地,sing3-te7
活欲,uah8-beh4
惱死,loo2--si2
只要,tsi2-iau3
永遠,ing2-uan2
看起來,khuann3--khi2-lai5
嬈呢,hiau5--neh4
兩爿,nng7-ping5
起來,khit4--lai5,khi2-lai5
拭一下,tshit4--tsit8-e7
起來矣,khit4--lai5--ah4
同,tong5
入,jip8
花園,hue1-hng5
天地,thinn1-te7
二,ji7,li7
高堂,ko1-tong5
夫妻,hu1-tshe1
送入,sang3-jip8
洞房,tong7-pong5
珠寶,tsu1-po2
囥入去,khng3--jip8-khi3
跋入去,puah8--jip8-khi3
死矣,si2--ah4
倚來,ua2--lai5,ua2-lai5
客氣,kheh4-khi3
過身去,kue3-sin1--khi3
阿好姨,a1-ho2-i5
過去矣,kue3--khi3--ah4
兜,tau1
電影院,tian7-iann2-inn7
那,na2
逐,tak8
透早,thau3-tsa2
便當,pian7-tong1
捾,kuann7
賣,be7
時間,si5-kan1
入去,jip8--khi3,lip8-khi3,jip8-khi3,lip8--khi3
想來想去,siunn7-lai5-siunn7-khi3
碗,uann2
米糕出來,bi2-ko1--tshut4-lai5
起去,khit4--li3,khi2-li3
落來,loh8--lai5,loh8-lai5
到矣,kau3--ah4
歇睏,hioh4-khun3
海裡,hai2--li2
枵死,iau1--si2
驚死,kiann1--si2
氣死,khi3-si2
直直,tit8-tit8
拚暝工,piann3-me5-kang1
總,tsong2
忝死,thiam2--si2
甘願呢,kam1-guan7--nih4
拍斷,phah4-tng7
手骨,tshiu2-kut4
勇,iong2
拍開,phah4--khui1
掀掀開,hian1-hian1--khui1
布,poo3
掀,hian1
電火,tian7-hue2
捙倒矣,tshia1--to3--ah4
捙倒,tshia1-to2
捙,tshia1
桌頂矣啦,toh4-ting2--ah4--lah4
食兩碗仔,tsiah8--nng7-uann2-a2
啉幾杯仔,lim1--kui2-pue1-a2
愛的呢,ai3--e5--neh4
為啥物,ui7-siann2-mih8,ui7-siann2-mih4
擲掉,tan3-tiau7
收擔,siu1-tann3
厝矣,tshu3--ah4
份,hun7
掉,tiau7
害去,hai7--khi3
電火球仔,tian7-hue2-kiu5-a2
抨抨掉,phiann1-phiann1--tiau7
日語,jit8-gi2
外來詞,gua7-lai5-su5
蔡,tshua3
摻,tsham1
檸檬,le5-bong2
味,bi7
厚,kau7
芳,phang1
各位,kok4-ui7
來賓,lai5-pin1
歡迎,huan1-ging5
見,kian3,kinn3
展覽,tian2-lam2
祝,tsiok4
健康,kian7-khong1
快樂,khuai3-lok8
萬事,ban7-su7
如意,ju5-i3,lu5-i3
文玉,bun5-giok8
當咧,tng1-leh4,tng1-teh4
第一,te7-it4
服務台,hok8-bu7-tai5
相等,sio1-tan2
楊,iunn5
東萍,tong1-phing5
第二,te7-ji7
櫃台,kui7-tai5
薛,sih4
丞宏,sing5-hong5
阿桑,a1-sang2
正門,tsiann3-mng5
門口,mng5-khau2
勞力,loo2-lat8
天氣,thinn1-khi3
圖,too5
面頂乎,bin7-ting2--honnh4
太平洋,thai3-ping5-iunn5
足,tsiok4
雲,hun5
熱帶性,jiat8-tai3-sing3
低氣壓,ke7-khi3-ap4
南海,lam5-hai2
增強,tsing1-kiong5
暗時,am3-si5
變做,pian3-tso3
風颱,hong1-thai1
拜六,pai3-lak8
暗,am3
所以,soo2-i2
澎湖,phenn5-oo5
金門,kim1-mng5
出國,tshut4-kok4
細膩的,se3-li7--e5
紲落來,sua3--loh8-lai5
第五,te7-goo7
號,ho7
珍珠,tsin1-tsu1
啊,ah4
影響,ing2-hiong2
徙,sua2
倚入來,ua2--jip8-lai5
西北雨,sai1-pak4-hoo7
日本,jit8-pun2
東爿,tang1-ping5
外海,gua7-hai2
猶毋過,iau2-m7-koh4
離,li7
有一塊仔,u7--tsit8-te3-a2
直接,tit8-tsiap4
但是,tan7-si7
雨啦,hoo7--lah4
關係的,kuan1-he7--e5
南爿,lam5-ping5
水氣,tsui2-khi3
紮入來,tsap4--jip8-lai5
雨,hoo7
一直,it4-tit8
拜三,pai3-sann1
南部,lam5-poo7
東部,tang1-poo7
淡薄仔,tam7-poh8-a2
北部,pak4-poo7
中部,tiong1-poo7
這種,tsit4-tsiong2
情形,tsing5-hing5
話頭,ue7-thau5
讀者,thok8-tsia2
諸君,tsu1-kun1
劉,lau5
厚話,kau7-ue7
攔頭,nua5-thau5
寫幾頁仔,sia2--kui2-iah8-a2
問題,bun7-te5,bun7-tue5
十,tsap8
冬,tang1
都,to1
過矣,kue3--ah4
一下仔,tsit8-e7-a2
譴,khian3
毋知,m7-tsai1
簡單,kan2-tan1
交代一下,kau1-tai7--tsit8-e7
篇,phinn1
故事,koo3-su7
前後,tsing5-au7
寫的,sia2--e5
上尾,siong7-bue2
煞戲,suah4-hi3
頭前,thau5-tsing5
空,khong3,khang1,khong1
拄拄,tu2-tu2
倒轉,to3-tng2
出版,tshut4-pan2
收入來的,siu1--jip8-lai5--e5
踮,tiam3
小說,siau2-suat4
文類,bun5-lui7
成果,sing5-ko2
落勾,lau3-kau1
來講,lai5-kong2
當然,tong1-lian5
會當,e7-tang3
論文,lun7-bun5
教材,kau3-tshai5
創作,tshong3-tsok4
目標,bok8-piau1
實在,sit8-tsai7
一站仔,tsit8-tsam7-a2
懶屍懶屍,lan2-si1-lan2-si1
想講,siunn7-kong2
定著,tiann7-tioh8
也,ia7
機關,ki1-kuan1
何乜苦咧,ho5-mi2-khoo2--leh4
自來,tsu7-lai5
出冊,tshut4-tsheh4
不管,put4-kuan2
寫了,sia2-liau2
拄,tu2
褒,po1
臭臊,tshau3-tsho1
嘛是,ma7-si7
暢的,thiong3--e5
極加,kik8-ke1
身軀邊,sin1-khu1-pinn1,sing1-khu1-pinn1
搭粒的,tah4-liap8--e5
罔,bong2
讀,thak8
呵咾幾句仔袂,o1-lo2--kui2-ku3-a2--be7
老實,lau2-sit8
食褒,tsiah8-po1
死啦,si2--lah4
猶,iau2
要意,iau3-i3
攏是,long2-si7
閣再,koh4-tsai3
評審,phing5-sim2
佮意,kah4-i3
干干仔,kan1-kan1-a2
意思的,i3-su3--e5
干焦,kan1-na1,kan1-ta1,kan1-tann1
感,kam2
謝,sia7
金順,kim1-sun7
兄,hiann1
招,tsio1
出,tshut4
文學,bun5-hak8
出版的,tshut4-pan2--e5
目今,bak8-kim1
罕矣,han2--ah4
角花仔,kak4-hue1-a2
素花仔,soo3-hue1-a2
洪,ang5
錦田,gim3-tian5
海翁,hai2-ang1
月刊,gueh8-khan1
一百,tsit8-pah4
期,ki5
中逝,tiong1-tsua7
紩,thinn7
金色,kim1-sik4
鈕仔,liu2-a2
閃閃爍爍,siam2-siam2-sih4-sih4
唌,siann5
目的,bok8--e5
下裙,e7-kun5
繡,siu3
白兔仔,peh8-thoo3-a2
古錐的,koo2-tsui1--e5
穿插,tshing7-tshah4
高尚,ko1-siong2
中年,tiong1-lian5
婦人人,hu7-jin5-lang5
牽,khan1
店頭,tiam3-thau5
行過,kiann5--kue3
好矣啦,ho2--ah4--lah4
吵,tsha2
媠的無,sui2--e5--bo5
阿母,a1-bu2
好啦,ho2--lah4
阿妙,a1-biau7
乖,kuai1
軀,su1
吼乎,hau2--honnh4
騙,phian3
恬囉,tiam7--looh4
成做,tsiann5-tso3
洋裝,iunn5-tsong1
主人,tsu2-lang5
倖,sing7
致使,ti3-su2
舊,ku7
厝邊,tshu3-pinn1
上目,tsiunn7-bak8
齪死,tsak4--si2
唔唔睏,onn1-onn1-khun3
拍鐵仔褲,phah4-thih4-a2-khoo3
大的,tua7--e5
忍,jim2
牢,tiau5
大喝,tua7-huah4
一時的,tsit8-si5--e5
聲說,siann1-sueh4
恬去,tiam7--khi3
吐地邪眼,thoo2-te7-sia5-gan2
表情,piau2-tsing5
掠,liah8
新,sin1
金金看,kim1-kim1-khuann3
喂,ueh4,eh4,ue5
白衫番啊,peh8-sann1-huan1--ah4
來的,lai5--e5
對目,tui3-bak8
刺鑿,tshi3-tshak8
講著,kong2-tioh8
臭火,tshau3-hue2
細膩,se3-ji7,se3-li7
喔,ooh4
歹勢啦,phainn2-se3--lah4
號做,ho7-tso3
見面,kinn3-bin7
有禮有教,u7-le2-u7-ka3
回答,hue5-tap4
對不住啦,tui3-put4-tsu7--lah4
佗落,to2-loh8
得失,tik4-sit4
你乎,li2--honnh4
機緣,ki1-ian5
洗衫機,se2-sann1-ki1
洗身軀,se2-sing1-khu1
苦苦,khoo2-khoo2
哀求,ai1-kiu5
天良,thian1-liong5
損命命,sng2-mia7-mia7
損蕩人,sng2-tng7--lang5
惡毒步,ok4-tok8-poo7
失德代,sit4-tik4-tai7
蹛,tua3
所在,soo2-tsai7
齷齪,ak4-tsak4
破病,phua3-penn7
硬,nge7
臭味,tshau3-bi7
激死,kik4--si2
當,tng1,tang1
𪜶,in1
蹌跤,tshing2-kha1
益,iah4
相,sio1,siong3
對看,tui3-khuann3
笑吻吻,tshio3-bun2-bun2
花蕊,hue1-lui2
一蕊,tsit8-lui2
浮出來,phu5--tshut4-lai5
圓仔,inn5-a2
神仙,sin5-sian1
林,lim5
麗黛,le7-tai7
譯寫,ik8-sia2
空二,khong3-ji7
高雄,ko1-hiong5
左營區,tso2-iann5-khu1
特別,tik8-piat8
倒手爿,to3-tshiu2-ping5
和,ham7
一般,it4-puann1
無啥物,bo5-siann2-mih4
各樣,koh4-iunn7
正手爿,tsiann3-tshiu2-ping5
削過,siah4--kue3
形,hing5
半,puann3
閘屏咧,tsah8-pin5--leh4
有才調,u7-tsai5-tiau7
半爿,puann3-ping5
天,thinn1
閘牢咧,tsah8-tiau5--leh4
半屏山,puann3-ping5-suann1
是按怎,si7-an2-tsuann2
半爿咧,puann3-ping5--leh4
去咧,khi3--leh4
當地,tong1-te7
流傳落來,liu5-thuan5--loh8-lai5
傳說,thuan5-suat4
八仙,pat4-sian1
當中,tang1-tiong1
漢,han3
鍾離,tsing1-li5
漢仙人,han3-sian1-jin5
徒弟,too5-te7
難得的,lan5-tit4--e5
一絲仔,tsit8-si1-a2
囂俳,hiau1-pai1
禮貌,le2-mau7
疼,thiann3
可惜,kho2-sioh4
致著,ti3-tioh8
怪,kuai3
病,penn7
仙醫,sian1-i1
醫,i1
少年,siau3-lian5,siau2-lian5
離開,li7-khui1
世間,se3-kan1
心肝頭,sim1-kuann1-thau5
刀,to1
割咧,kuah4--leh4
決定,kuat4-ting7
人間,jin5-kan1,lin5-kan1
走揣,tsau2-tshue7
條直,tiau5-tit8
善良,sian7-liong5
好人,ho2-lang5
雲尪,hun5-ang1
發現,huat4-hian7
島嶼,to2-su7
不止仔,put4-tsi2-a2
美麗,bi2-le7
徛起,khia7-khi2
臺灣島,tai5-uan5-to2
寬寬仔,khuann1-khuann1-a2
跳落來,thiau3--loh8-lai5
拄拄仔好,tu2-tu2-a2-ho2
降落,kang3-loh8
現此時,hian7-tshu2-si5,hian7-tsu2-si5
左營,tso2-iann5
走揣咧,tsau2-tshue7--leh4
若準,na7-tsun2
心肝,sim1-kuann1
可靠,kho2-kho3
試探,tshi3-tham3
心內,sim1-lai7
拍算,phah4-sng3
四箍圍仔,si3-khoo1-ui5-a2
環境,khuan5-king2
擔,tann1,tann3
頭,thau5
面頭前,bin7-thau5-tsing5
看看,khuann3-khuann3
相相咧,siong3-siong3--leh4
步數,poo7-soo3
隨身,sui5-sin1
紮,tsah4
葵扇,khue5-sinn3
提出來,theh8--tshut4-lai5
略略仔,lioh8-lioh8-a2
擛擛咧,iat8-iat8--leh4
尾溜,bue2-liu1
風,hong1
透,thau3
大風,tua7-hong1
塗,thoo5
片,phian3,phinn3
崩落來,pang1--loh8-lai5
本成,pun2-tsiann5
好勢好勢,ho2-se3-ho2-se3
削去,siah4-khi3
一大塊,tsit8-tua7-te3
閣用,koh4-ing7
堆,tui1
變成,pian3-sing5
一粒仔,tsit8-liap8-a2
一粒,tsit8-liap8
打扮,tann2-pan7
老歲仔,lau7-he3-a2,lau7-hue3-a2
擔仔,tann1-a2
擔咧,tann1--leh4
山邊,suann1-pinn1
來喔,lai5--ooh4
圓仔喔,inn5-a2--ooh4
麻仔,mua5-a2
芳絳絳,phang1-kong3-kong3
紅豆仔,ang5-tau7-a2
甜粅粅,tinn1-but4-but4
大聲,tua7-siann1
喝賣,huah4-be7
大粒,tua7-liap8
角,kak4
銀,gin5
免錢喔,bian2-tsinn5--ooh4
喝賣聲,huah4-be7-siann1
吸引,khip4-in2
一寡,tsit8-kua2
行路人,kiann5-loo7-lang5
遮爾仔,tsiah4-ni7-a2
好空,ho2-khang1
代誌,tai7-tsi3
誠實,tsiann5-sit8
講耍笑,kong2-sng2-tshio3
戇啦,gong7--lah4
無的確,bo5-tik4-khak4
起痟矣,khi2-siau2--ah4
問題乎,bun7-te5--honnh4
圍,ui5
愈,lu2,ju2
互相,hoo7-siong1
討論,tho2-lun7
件,kiann7
平常時仔,ping5-siong5-si5-a2
痟貪,siau2-tham1
大頭仔,tua7-thau5-a2
王的,ong5--e5
免錢,bian2-tsinn5
唬阮,hoo2--gun2
人啊,lang5--ah4
討厭,tho2-ia3
老實囉,lau2-sit8--looh4
騙人,phian3--lang5
守,siu2
信用咧,sin3-iong7--leh4
悾,khong1
戇,gong7
滾耍笑,kun2-sng2-tshio3
看覓咧,khuann3-mai7--leh4
雞卵,ke1-nng7
圈,khian1
搩,kiat4
腹肚,pak4-too2
小可仔,sio2-khua2-a2
飽矣,pa2--ah4
挲挲咧,so1-so1--leh4
繼續,ke3-siok8
窸窣叫,sih8-sut8-kio3
仙,sian2,sian1
欣羨,him1-sian7
挃,tih8,tinnh8
毋管,m7-kuan2
盡,tsin7
辦法,pan7-huat4
食落去,tsiah8--loh8-khi3
食了矣,tsiah8-liau2--ah4
為止囉,ui5-tsi2--looh4
食著呢,tsiah8--tioh8--neh4
夠氣呢,kau3-khui3--neh4
免錢咧,bian2-tsinn5--leh4
唉,haih4
失望,sit4-bong7
攢,tshuan5
機會,ki1-hue7
吐大氣,thoo2-tua7-khui3
隔轉工,keh4-tng2-kang1
擔去,tann1-khi3
昨昏,tsa1-hng1
挨挨𤲍𤲍,e1-e1-kheh4-kheh4
趕緊緊,kuann2-kin2-kin2
輪著,lun5-tioh8
我囉,gua2--looh4
緊咧,kin2--leh4
枵,iau1
下性命,he7-sinn3-mia7
搶,tshiunn2
大食,tua7-tsiah8
一睏仔,tsit8-khun3-a2
六粒,lak8-liap8
煮的,tsu2--e5
材料,tsai5-liau7
來的無,lai5--e5--bo5
好玄,honn3-hian5
幌幌咧,hainn3-hainn3--leh4
後擺,au7-pai2,au7-painn3
自然,tsu7-lian5
答案,tap4-an3
追問落去,tui1-mng7--loh8-khi3
大喙仔,tua7-tshui3-a2
喙咧,tshui3--leh4
碗內,uann2-lai7
後壁,au7-piah4
怪怪呢,kuai3-kuai3--neh4
來乎,lai5--honnh4
忍咧,jim2--leh4
邊仔,pinn1--a2,pinn1-a2
恬恬,tiam7-tiam7
觀察,kuan1-tshat4
每,mui2
圓仔的,inn5-a2--e5
願意,guan7-i3
納錢,lap8-tsinn5
可惜啊,kho2-sioh4--ah4
土地,thoo2-te7
範勢,pan7-se3
人品,jin5-phin2
呢,neh4
第七,te7-tshit4
終其尾,tsiong1-ki5-bue2
無仝囉,bo5-kang5--looh4
生做,senn1-tso3
斯文斯文,su1-bun5-su1-bun5
少年家,siau3-lian5-ke1
行來,kiann5-lai5
麻煩你,ma5-huan5--li2
斟酌,tsim1-tsiok4
看看咧,khuann3-khuann3--leh4
少年的,siau3-lian5--e5
知影無,tsai1-iann2--bo5
免錢呢,bian2-tsinn5--neh4
感謝,kam2-sia7
好意,ho2-i3
開錢,khai1-tsinn5
指指揬揬,ki2-ki2-tuh8-tuh8
冗剩,liong7-siong7
普通普通,phoo2-thong1-phoo2-thong1
受過,siu7-kue3
教育,kau3-iok8
難得,lan5-tit4
同情心,tong5-tsing5-sim1
少年人,siau3-lian5-lang5,siau2-lian5-lang5
罕得,han2-tit4
一時,tsit8-si5,it4-si5
聽無,thiann1-bo5
伯仔,peh4--a2
失禮,sit4-le2
適合,sik4-hap8
翻身,huan1-sin1
模樣,boo5-iunn7
專工,tsuan1-kang1
天頂,thinn1-ting2
下凡,ha7-huan5
徒弟的,too5-te7--e5
掣一趒,tshuah4-tsit8-tio5
當時仔,tang1-si5-a2
擘,peh4
金,kim1
選著,suan2-tioh8
我咧,gua2--leh4
隨个仔,sui5-e5-a2
隨个,sui5-e5
跪落來,kui7--loh8-lai5
神仙啊,sin5-sian1--ah4
不,put4
貪心,tham1-sim1
拜託,pai3-thok4
原諒,guan5-liong7
阮啦,gun2--lah4
是啦,si7--lah4
毋著矣啦,m7-tioh8--ah4--lah4
眾人,tsing3-lang5
擔頭,tann1-thau5
暗喝,am3-huah4
苦啊,khoo2--ah4
一半去矣,tsit8-puann3--khi3--ah4
講過矣,kong2--kue3--ah4
信,sin3
唸,liam7
看出來矣,khuann3--tshut4-lai5--ah4
才調,tsai5-tiau7
削,siah4
遐爾仔,hiah4-ni7-a2
平啊,penn5--ah4
吐,thoo3
後悔,hio7-hue2
越,uat8
考慮,kho2-lu7
爸母,pe7-bu2
參詳一下啦,tsham1-siong5--tsit8-e7--lah4
得著,tit4-tioh8
同意,tong5-i3
歡歡喜喜,huann1-huann1-hi2-hi2
綴,tue3
仙界,sian1-kai3
本領囉,pun2-ling2--looh4
旅客,lu2-kheh4
需要,su1-iau3
補票的,poo2-phio3--e5
站,tsam7
吉安,kiat4-an1
落車,loh8-tshia1
攢好,tshuan5-ho2
準備,tsun2-pi7
列車,liat8-tshia1
終點站,tsiong1-tiam2-tsam7
台東,tai5-tang1
咧欲,tih4-beh4,teh4-beh4
盤車,puann5-tshia1
開囉,khui1--looh4
上車,tsiunn7-tshia1
驗票矣,giam7-phio3--ah4
車票,tshia1-phio3
上北,tsiunn7-pak4
月台,guat8-tai5
第三,te7-sann1
車次,tshia1-tshu3
車長,tshia1-tiunn2
竹南,tik4-lam5
進站口,tsin3-tsam7-khau2
信用卡,sin3-iong7-kha2
敬祝,king3-tsiok4
再會,tsai3-hue7
搬演,puann1-ian2
手機仔,tshiu2-ki1-a2
禁起來,kim3--khi2-lai5
攝影,liap4-iann2
錄音,lok8-im1
以免,i2-bian2
違法,ui5-huat4
出口,tshut4-khau2
廳,thiann1
惠顧,hui7-koo3
附加,hu3-ka1
詞類,su5-lui7
訊息,sin3-sit4
語詞,gi2-su5
搭配,tah4-phue3
教學,kau3-hak8
允言,un2-gian5
大漢,tai7-han3,tua7-han3
技術,ki1-sut8
學院,hak8-inn7
資訊,tsu1-sin3
工程系,kang1-ting5-he7
助理,tsoo7-li2
教授,kau3-siu7
杰岳,kiat8-gak8
拋荒,pha1-hng1
台文,tai5-bun5
工作室,kang1-tsok4-sik4
負責人,hu7-tsik4-jin5
陳鄭,tan5-tinn7
弘堯,hong5-giau5
台語文,tai5-gi2-bun5
工作者,kang1-tsok4-tsia2
陳,tan5
柏中,pik4-tiong1
國立,kok4-lip8
清華,tshing1-hua5
大學,tai7-hak8
物理系,but8-li2-he7
本文,pun2-bun5
提出,the5-tshut4,theh8-tshut4
利用,li7-iong7
進行,tsin3-hing5
篩選,thai1-suan2
方法,hong1-huat4
自動,tsu7-tong7
必要,pit4-iau3
資料,tsu1-liau7
提掉,theh8-tiau7
提升,the5-sing1
品質,phin2-tsit4
幫贊,pang1-tsan7
學習,hak8-sip8
查詢,tsha5-sun5
動詞,tong7-su5
正爿,tsiann3-ping5
名詞,mia5-su5
倒爿,to3-ping5
所,soo2
揣出來,tshue7--tshut4-lai5
參考,tsham1-kho2
價值,ke3-tat8
進一步,tsin3-tsit8-poo7
空課,khang1-khue3
關鍵詞,kuan1-kian7-su5
互訊息,hoo7-sin3-sit4
相關度,siong1-kuan1-too7,siang1-kuan1-too7
語文,gi2-bun5
踏,tah8
語料庫,gi2-liau7-khoo3
詞,su5
參佮,tsham1-kah4
照佮,tsiau3-kah4
相佮,sann1-kah4
配搭,phue3-tah4
等等,ting2-ting2
華語詞,hua5-gi2-su5
對應,tui3-ing3
採用,tshai2-iong7
囥,khng3
語言,gi2-gian5
倉庫,tshng1-khoo3
人類,jin5-lui7
文字,bun5-ji7
樣本,iunn7-pun2
透過,thau3-kue3
了解,liau2-kai2
使用,su2-iong7
二十,ji7-tsap8
世紀,se3-ki2
年代,ni5-tai7
英文,ing1-bun5
建立,kian3-lip8
九,kiu2,kau2
華文,hua5-bun5
資料庫,tsu1-liau7-khoo3
中國,tiong1-kok4
起步,khi2-poo7
晏,uann3
二十一,ji7-tsap8-it4
強勢,kiong5-se3
代表,tai7-piau2
重要性,tiong7-iau3-sing3
帶動,tai3-tong7
相關,siong1-kuan1
研究,gian2-kiu3
宣示,suan1-si7
學術界,hak8-sut8-kai3
地位,te7-ui7
弱勢,jiok8-se3
復興,hok8-hing1
重要,tiong7-iau3
基礎,ki1-tshoo2
主導,tsu2-to7
世界,se3-kai3
電腦,tian7-nau2,tian7-noo2
科技,kho1-ki1
而且,ji5-tshiann2
連結,lian5-kiat4
應用,ing3-iong7
針對,tsiam1-tui3
詳細,siong5-se3
探討,tham3-tho2
學著,oh8-tioh8
慣用,kuan3-iong7
例,le7
訂,ting7
火車單,hue2-tshia1-tuann1
車頭,tshia1-thau5
付錢,hu3-tsinn5
提著,theh8-tioh8
車單,tshia1-tuann1
拍,phah4
摃,kong3
相仝,sio1-kang7
其中,ki5-tiong1
同義詞,tong5-gi7-su5
換掉,uann7-tiau7
無一定,bo5-it4-ting7
存在,tsun5-tsai7
辭典,su5-tian2
並,ping7
註明,tsu3-bing5
加減,ke1-kiam2
阻礙,tsoo2-gai7
台灣人,tai5-uan5-lang5
硬記,nge7-ki3
溝通,koo1-thong1
鬥出,tau3-tshut4
掠做,liah8-tso3
英文句,ing1-bun5-ku3
英語,ing1-gi2
捎,sa1
貓仔門,niau1-a2-mng5
寮仔門,liau5-a2-mng5
錯誤,tsho3-ngoo7
包括,pau1-kuah4,pau1-kuat4
語法,gi2-huat4
慣用語,kuan3-iong7-gi2
部份,poo7-hun7
濟濟,tse7-tse7
學習者,hak8-sip8-tsia2
外國人,gua7-kok4-lang5
代,tai7
下,e7,he7
受著,siu7-tioh8
華語,hua5-gi2
自認為,tsu7-lin7-ui5
會曉,e7-hiau2
講起來,kong2--khi2-lai5
離離落落,li1-li1-lak4-lak4
思考,su1-kho2
有的,u7-e5
魚,hi5
目前,bok8-tsing5
學界,hak8-kai3
責任,tsik4-jim7
徛,khia7
科學,kho1-hak8
角度,kak4-too7
現時,hian7-si5
通好,thang1-ho2
運用,un7-iong7
方式,hong1-sik4
資源,tsu1-guan5
共同,kiong7-tong5
出現,tshut4-hian7
密切,bit8-tshiat4
統計,thong2-ke3
公式,kong1-sik4
基本,ki1-pun2
語料,gi2-liau7
代表性,tai7-piau2-sing3
算出來,sng3--tshut4-lai5
數字,soo3-ji7
正數,tsiann3-soo3
避免,pi7-bian2
設,siat4
詞頻,su5-pin5
限制,han7-tse3
專家,tsuan1-ka1
專業,tsuan1-giap8
智識,ti3-sik4
揣出來的,tshue7--tshut4-lai5--e5
簡化,kan2-hua3
限定,han7-tiann7
相倚,sio1-ua2
實際,sit8-tse3
可比,kho2-pi2
除了,tu5-liau2
以外,i2-gua7
修正,siu1-tsing3
考慮入來,kho2-lu7--jip8-lai5
修改,siu1-kai2
計算,ke3-sng3
總是,tsong2--si7
厚工,kau7-kang1
增加,tsing1-ka1
計算量,ke3-sng3-liong7
改進,kai2-tsin3
有限,iu2-han7
取代,tshu2-tai7
處理,tshu2-li2
大量,tai7-liong7
特性,tik8-sing3
提供,the5-kiong1
計算出來,ke3-sng3--tshut4-lai5
作用,tsok4-iong7
列出來,liat8--tshut4-lai5
表現出來,piau2-hian7--tshut4-lai5
列出來的,liat8--tshut4-lai5--e5
意義,i3-gi7
牽連,khan1-lian5
方向,hong1-hiong3
線索,suann3-soh4
統計出來,thong2-ke3--tshut4-lai5
分類,hun1-lui7
只好,tsi2-ho2
輾,lin3
以,i2
線頂,suann3-ting2
將,tsiong1
詞條,su5-tiau5
對譯,tui3-ik8
中研院,tiong1-gian2-inn7
詞庫,su5-khoo3
小組,sio2-tsoo1
整理,tsing2-li2
八萬,peh4-ban7
目,bak8
幼,iu3
四十六,si3-tsap8-lak8
細類,se3-lui7
大類,tua7-lui7
形容詞,hing5-iong5-su5
副詞,hu3-su5
連接詞,lian5-tsiap4-su5
介詞,kai3-su5
語氣詞,gi2-khi3-su5
感嘆詞,kam2-than3-su5
實驗,sit8-giam7
下面,e7-bin7
做法,tso3-huat4
來源,lai5-guan5
台語文界,tai5-gi2-bun5-kai3
負責,hu7-tsik4
全羅,tsuan5-lo5
四十六萬,si3-tsap8-lak8-ban7
六十七,lak8-tsap8-tshit4
音節,im1-tsiat4
漢羅,han3-lo5
五百,goo7-pah4
五十六萬,goo7-tsap8-lak8-ban7
八千,peh4-tshing1
五十七,goo7-tsap8-tshit4
台華,tai5-hua5
主要,tsu2-iau3
貢獻者,kong3-hian3-tsia2
鄭,tenn7
良偉,liong5-ui2
補充,poo2-tshiong1
六萬,lak8-ban7
兩千外,nng7-tshing1-gua7
欄位,nua5-ui7
數量,soo3-liong7
四十三萬,si3-tsap8-sann1-ban7
九十九,kau2-tsap8-kau2
五萬,goo7-ban7
一千,tsit8-tshing1
九十五,kau2-tsap8-goo7
含糊性,ham5-hoo5-sing3
部分,poo7-hun7
本節,pun2-tsiat4
表格,pio2-keh4
說明,suat4-bing5,sueh4-bing5
展示,tian2-si7
詞組,su5-tsoo1
至少,tsi3-tsio2
表一,pio2-it4
語料量,gi2-liau7-liong7
可信度,kho2-sin3-too7
統計表,thong2-ke3-pio2
收錄,siu1-lok8
建議,kian3-gi7
原因,guan5-in1
斷詞,tng7-su5
寫法,sia2-huat4
一致,it4-ti3
原來,guan5-lai5
按算的,an3-sng3--e5
分析,hun1-sik4
用字,iong7-ji7
效果,hau7-ko2
人工,lang5-kang1,jin5-kang1
時,si5
錯誤的,tsho3-ngoo7--e5
內的,lai7--e5
無仝,bo5-kang5,bo5-kang7
專有名詞,tsuan1-iu2-mia5-su5
辨識,pian7-sik4
定量詞,ting7-liong7-su5
僫,oh4
解決,kai2-kuat4
所有,soo2-u7
橐,lok4
翻譯,huan1-ik8
多,to1
對譯詞,tui3-ik8-su5
過程,kue3-ting5,kue3-thing5
長,tiong2,tng5
詞類出來,su5-lui7--tshut4-lai5
普遍,phoo2-phian3
造成,tso7-sing5
雜訊,tsap8-sin3
台語詞,tai5-gi2-su5
確認,khak4-jin7
正確,tsing3-khak4
工程,kang1-ting5
早慢,tsa2-ban7
有法度,u7-huat4-too7
值得,tat8-tit4
石油,tsioh8-iu5
價數,ke3-siau3
自,tsu7
到今,kau3-tann1
起色,khi2-sik4
衝擊,tshiong1-kik4
確實,khak4-sit8
頁岩油,iah8-giam5-iu5,iah8-gam5-iu5
袂堪得,be7-kham1-tsit4,be7-kham1--tsit4
破產,pho3-san2
產業,san2-giap8
想的,siunn7--e5
韌命,lun7-mia7
文章,bun5-tsiunn1,bun5-tsiong1
所擺,soo2-pai2
綴咧,tue3-leh4
發達,huat4-tat8
比論,pi2-lun7
挖,oo2
井,tsenn2
減少,kiam2-tsio2
時常,si5-siong5
維持,i5-tshi5
範圍,huan7-ui5
落尾,loh8-bue2
二位數,ji7-ui7-soo3
油價,iu5-ke3
常態,siong5-thai3
除非,tu5-hui1
爆發,pok8-huat4
重大,tiong7-tai7
衝突,tshiong1-tut8
油田,iu5-tshan5
停止,thing5-tsi2
供應,kiong1-ing3
需求,su1-kiu5
衝,tshing3,tshiong1
方面,hong1-bin7
再生,tsai3-sing1
能源,ling5-guan5
天然氣,thian1-lian5-khi3
落價,lak4-ke3
並且,ping7-tshiann2
軍人,kun1-jin5
大使館,tai7-sai3-kuan2
甚至,sim7-tsi3
本土,pun2-thoo2
國民,kok4-bin5
攻擊,kong1-kik4
地方,te7-hng1,te7-hong1
核子,hik8-tsu2
捙拚,tshia1-piann3
恐怖,khiong2-poo3
湠,thuann3
向,hiong3,ng3
全球,tsuan5-kiu5
提早,the5-tsa2
防範,hong5-huan7
危機,ui5-ki1
免錢的,bian2-tsinn5--e5
面冊,bin7-tsheh4
無要無緊,bo5-iau3-bo5-kin2
法度,huat4-too7
認為,jin7-ui5,lin7-ui5
收集,siu1-tsip8
重要的,tiong7-iau3--e5
放棄,hong3-khi3
心態,sim1-thai3
廣告,kong2-ko3
控制,khong3-tse3
主頁,tsu2-iah8
攪擾,kiau2-jiau2
互動,hoo7-tong7
開放,khai1-hong3
使用者,su2-iong7-tsia2
億,ik4
用戶,iong7-hoo7
付,hu3
美金,bi2-kim1
消費者,siau1-hui3-tsia2
產品,san2-phin2
免費,bian2-hui3
網路,bang7-loo7
服務,hok8-bu7
毋但,m7-na7
趁,than3
巨量,ki7-liong7
智慧,ti3-hui7
發展,huat4-tian2
驚人,kiann1--lang5
主要的,tsu2-iau3--e5
靠,kho3
上傳,siong7-thuan5
個人,ko3-jin5
紀錄,ki3-lok8
厲害,li7-hai7
複雜,hok8-tsap8
本身,pun2-sin1
隱私,un2-su1
主控權,tsu2-khong3-khuan5
恐驚,khiong2-kiann1
歹,phainn2
掌握,tsiang2-ak4
同性婚,tong5-sing3-hun1
合法化,hap8-huat4-hua3
澳洲,o3-tsiu1
紲落,sua3--loh8
凡勢,huan7-se3
變天,pian3-thinn1
國會,kok4-hue7
預定,i7-ting7
年底,ni5-te2
投票,tau5-phio3
大部分,tua7-poo7-hun7,tai7-poo7-hun7
支持,tsi1-tshi5
只是,tsi2-si7
議員,gi7-guan5
觀望,kuan1-bong7
只不過,tsi2-put4-ko3
聯盟,lian5-bing5
黨派,tong2-phai3
投,tau5
良心票,liong5-sim1-phio3
通過,thong1-kue3
修法,siu1-huat4
承認,sing5-jin7
機率,ki1-lut8
在野,tsai7-ia2
工黨,kang1-tong2
比例,pi2-le7
前,tsing5
強欲,kiong7-beh4
議員咧,gi7-guan5--leh4
禮拜三,le2-pai3-sann1
公佈,kong1-poo3
六十三,lak8-tsap8-sann1
贊成,tsan3-sing5
合法,hap8-huat4
四十,si3-tsap8
反對,huan2-tui3
表態,piau2-thai3
四十七,si3-tsap8-tshit4
到時,kau3-si5
輸贏,su1-iann5
歹講,phainn2-kong2
既然,ki3-lian5
改變,kai2-pian3
超過,tshiau1-kue3
政治,tsing3-ti7
人物,jin5-but8
佇咧,ti7-leh4,ti7--leh4
結婚,kiat4-hun1
翁仔某,ang1-a2-boo2
宣佈,suan1-poo3
表決,piau2-kuat4
議題,gi7-te5
贊成派,tsan3-sing5-phai3
輸,su1
褪褲,thng3-khoo3
教宗,kau3-tsong1
左派,tso2-phai3
領袖,ling2-siu3
批評,phue1-phing5
追求,tui1-kiu5
短期,te2-ki5
私人,su1-lin5
利益,li7-ik4
消費,siau1-hui3
主義,tsu2-gi7
評論者,phing5-lun7-tsia2
羅馬,lo5-ma2
天主,thian1-tsu2
教廷,kau3-ting5
一粒一,it4-liap8-it4
資本,tsu1-pun2
批判者,phue1-phuann3-tsia2
失去,sit4-khi3
權威,khuan5-ui1
又閣,iu7-koh4
英文版,ing1-bun5-pan2
通諭,thong1-lu7
三萬,sann1-ban7
七千外,tshit4-tshing1-gua7
滿足,buan2-tsiok4
慾望,iok8-bong7
差別,tsha1-piat8
救命,kiu3-mia7
電動,tian7-tong7
𨑨迌物,tshit4-tho5-mih8
市場,tshi7-tiunn5
管,kuan2
選擇,suan2-tik8
各種,kok4-tsiong2
公共,kong1-kiong7
地球,te7-kiu5
生態,sing1-thai3
過度,kue3-too7
後果,hio7-ko2
糞埽桶,pun3-so3-thang2
面對,bin7-tui3
經濟,king1-tse3
學家,hak8-ka1
有限的,iu2-han7--e5
主流,tsu2-liu5
模式,boo5-sik4
假設,ka2-siat4
成長,sing5-tiong2
無限,bu5-han7
呼籲,hoo1-iok8
痟貪落去,siau2-tham1--loh8-khi3
撙節,tsun2-tsat4
用著,iong7-tioh8
唱名,tshiang3-mia5
比如,pi2-lu5
信篤,sin3-tau2
拒絕,ki7-tsuat8
想法,siunn7-huat4
大力,tua7-lat8
推捒,thui1-sak4,tshui1-sak4
極端,kik8-tuan1
一時仔,tsit8-si5-a2
開銷,khai1-siau1
衛報,ue7-po3
社論,sia7-lun7
百,pah4
上蓋,siong7-kai3
氣魄,khi3-phik4
文件,bun5-kiann7
教徒,kau3-too5
基督,ki1-tok4
地球頂,te7-kiu5-ting2
拖棚,thua1-penn5
聯合國,lian5-hap8-kok4
氣候,khi3-hau7
談判,tam5-phuann3
發揮,huat4-hui1
影響力,ing2-hiong2-lik8
期待,ki5-thai7
飛行機,pue1-ling5-ki1,hui1-hing5-ki1,hui1-ling5-ki1
頭等位,thau5-ting2-ui7
區,khu1
登機,ting1-ki1
坐位,tse7-ui7
頂面,ting2-bin7
櫥仔,tu5-a2
椅仔跤,i2-a2-kha1
安全帶,an1-tsuan5-tua3
縖,ha5
等待,tan2-thai7
起飛,khi2-pue1
不得已,put4-tik4-i2
落飛,loh8-pue1
海頂,hai2-ting2
救生衣,kiu3-sing1-i1
穿入去,tshing7--jip8-khi3
鈕起來,liu2--khi2-lai5
歕風,pun5-hong1
歕,pun5
飽,pa2
膨起來,phong3--khi2-lai5
公里,kong1-li2
機長,ki1-tiunn2
關掉,kuainn1-tiau7
指示燈,tsi2-si7-ting1
便所,pian7-soo2
剝開,pak4--khui1
保護,po2-hoo7
安全,an1-tsuan5
亂流,luan7-liu5
絚,an5
往,ong2
香港,hiong1-kang2
班機,pan1-ki1
煞矣,suah4--ah4
阿火,a1-hue2
李,li2
阿水,a1-tsui2
師兄,su1-hiann1
師姊,su1-tse2
歇睏一下,hioh4-khun3--tsit8-e7
辦理,pan7-li2
手續,tshiu2-siok8
保險,po2-hiam2
辦辦咧,pan7-pan7--leh4
辦,pan7
護照,hoo7-tsiau3,hoo7-tsio3
登機證,ting1-ki1-tsing3
證件,tsing3-kiann7
寄,kia3,ki3
托運,thok4-un7
海關,hai2-kuan1
候機室,hau7-ki1-sik4
免稅,bian2-sue3
商店,siong1-tiam3
好勢,ho2-se3
桃園,tho5-hng5
東京,tang1-kiann1
照顧,tsiau3-koo3
冗,liong7
免稅街,bian2-sue3-ke1
長榮,tng5-ing5
航空,hang5-khong1
再,tsai3
相會,siong1-hue7
氣溫,khi3-un1
二十七,ji7-tsap8-tshit4
度,too7
毛毛仔雨,mng5-mng5-a2-hoo7
旅途,lu2-too5
停車場,thing5-tshia1-tiunn5
順序,sun7-si7
排隊,pai5-tui7
到位,kau3-ui7
落機,loh8-ki1
空橋,khong1-kio5
互相一下,hoo7-siong1--tsit8-e7
團,thuan5
捾落來,kuann7--loh8-lai5
出境,tshut4-king2
在地,tsai7-te7
導遊,to7-iu5
接機,tsiap4-ki1
跤步,kha1-poo7
安排,an1-pai5
𨑨迌,tshit4-tho5,thit4-tho5
阿傑,a1-kiat8
行程,hing5-ting5
鬥相共,tau3-sann1-kang7
盡量,tsin7-liong7
食飯,tsiah8-png7
餐廳,tshan1-thiann1
三義,sam1-gi7
有名,u7-mia5
炕肉,khong3-bah4
欣賞,him1-siong2
景緻,king2-ti3
酒店,tsiu2-tiam3
飽無,pa2--bo5
合無,hah8--bo5
吩咐,huan1-hu3
房間內,pang5-king1-lai7
礦泉水,khong3-tsuann5-tsui2
茶米,te5-bi2
咖啡,ka1-pi1
環保,khuan5-po2
儉咧,khiam7-leh4
啉,lim1
房間,pang5-king1
之間,tsi1-kan1
房號,pang5-ho7
聯絡,lian5-lok8
總機,tsong2-ki1
早頓,tsa2-tng3
拖,thua1
大廳,tua7-thiann1
房卡,pang5-khah4
還,hainn5
試食,tshi3-tsiah8
好食,ho2-tsiah8
拍損,phah4-sng2
店員,tiam3-guan5
包起來,pau1--khi2-lai5
裝,tsng1
箱仔,siunn1-a2
櫼,tsinn1
行李箱,hing5-li2-siunn1
食物,tsiah8-mih8
準,tsun2
自由,tsu7-iu5
參觀,tsham1-kuan1
分鐘,hun1-tsing1
叫車,kio3-tshia1
機場,ki1-tiunn5
車頂,tshia1-ting2
齊著,tsiau5-tioh8
車仔,tshia1-a2
袂記得,be7-ki3-tsit4,be7-ki3--tsit4,bue7-ki3--tsit4,be7-ki3-tit4
最後,tsue3-au7
萬財,ban7-tsai5
牡丹,boo2-tan1
來矣喔,lai5--ah4--ooh4
阿美,a1-bi2
个乎,e5--honnh4
仝梯,kang7-the1
榮燦仔啦,ing5-tshan3--a2--lah4
添丁,thiam1-ting1
富貴,hu3-kui3
哎,aih4
毋免啦,m7-bian2--lah4
愛的啦,ai3--e5--lah4
作田人,tsoh4-tshan5-lang5
後遍乎,au7-pian3--honnh4
大漢乎,tua7-han3--honnh4
城裡,siann5--li2
拜師,pai3-su1
學藝,hak8-ge7
出脫無,tshut4-thuat4--bo5
哎唷,aih4-ioh4
甘乎,kam1--honnh4
教啦,ka3--lah4
有影乎,u7-iann2--honnh4
天寶仔啦,thian1-po2--a2--lah4
頇慢,han5-ban7
人啦,lang5--lah4
凊彩,tshin3-tshai2
號號咧啦,ho7-ho7--leh4--lah4
天寶,thian1-po2
袂䆀呢,be7-bai2--neh4
按呢喔,an2-ne1--ooh4
嘿,hennh4,heh4
翕相,hip4-siong3
翕相喔,hip4-siong3--ooh4
笑的乎,tshio3--e5--honnh4
好矣諾,ho2--ah4--hioh4
開桌啦,khui1-toh4--lah4
坐啦,tse7--lah4
榮燦仔,ing5-tshan3--a2
阿財仔,a1-tsai5--a2
細漢,se3-han3
大漢的,tua7-han3--e5
小妹仔啦,sio2-mue7-a2--lah4
姆仔喔,m2--a2--ooh4
介紹,kai3-siau7
乎,honnh4
做伙乎,tso3-hue2--honnh4
姆仔,m2--a2
多謝啊,to1-sia7--ah4
牡丹啊,boo2-tan1--ah4
照顧乎,tsiau3-koo3--honnh4
招呼,tsio1-hoo1
人客啦,lang5-kheh4--lah4
人客啦乎,lang5-kheh4--lah4--honnh4
哈,hah4
淑娟仔,siok4-kuan1--a2
桌啦,toh4--lah4
查某人,tsa1-boo2-lang5,ta1-boo2-lang5
照顧啦,tsiau3-koo3--lah4
阿好姆,a1-ho2-m2
燒,sio1
多謝乎,to1-sia7--honnh4
會使矣,e7-sai2--ah4
萬財仔乎,ban7-tsai5--a2--honnh4
仝梯的啦,kang7-the1--e5--lah4
逐工,tak8-kang1
黏,liam5
小妹仔,sio2-mue7-a2
住址,tsu7-tsi2
予我,hoo7--gua2
萬財仔,ban7-tsai5--a2
仝款啦,kang7-khuan2--lah4
五福村,ngoo2-hok4-tshun1
二十六,ji7-tsap8-lak8
瘦的,san2--e5
民國,bin5-kok4
四十四,si3-tsap8-si3
電影,tian7-iann2
時行,si5-kiann5
美國片,bi2-kok4-phinn3
國語片,kok4-gi2-phinn3
廣東片,kng2-tang1-phinn3
廈門片,e7-mng5-phinn3
臺灣,tai5-uan5
臺語片,tai5-gi2-phinn3
拱樂社,kiong2-lok8-sia7
正港,tsiann3-kang2
臺語,tai5-gi2
王,ong5
寶釧,po2-tshuan1
與,i2
平貴,ping5-kui3
出路,tshut4-loo7
風聲,hong1-siann1
相爭,sio1-tsinn1,sio1-tsenn1
阻止,tsoo2-tsi2
小,sio2
戲院,hi3-inn7
性命,senn3-mia7,sinn3-mia7
無論,bo5-lun7
阿猴,a1-kau5
插,tshap4,tshah4
層,tsan5
理由,li2-iu5
天下,thian1-ha7
事,su7
臺灣人,tai5-uan5-lang5
以後,i2-au7
片矣,phinn3--ah4
片仔,phinn3-a2
寄託,kia3-thok4
不准,put4-tsun2
阻擋,tsoo2-tong3
腳數,kioh4-siau3
跋,puah8
袂使得,be7-saih4--tsit4
奉陪,hong7-pue5
無夠,bo5-kau3
格,keh4
贏,iann5
面子,bin7-tsu2
袂用得,be7-ing7-tsit4,be7-ing7--tsit4,be7-ing7--tit4
好的,ho2--e5
跤手,kha1-tshiu2
喝矣,huah4--ah4
聽著乎,thiann1--tioh8--honnh4
頭家娘乎,thau5-ke1-niu5--honnh4
搬,puann1
齣啦,tshut4--lah4
古井,koo2-tsenn2
水雞呢,tsui2-ke1--neh4
白,peh8
瑞德,sui7-tik4
郝,hok4
思嘉啦,su1-ka1--lah4
片喔,phinn3--ooh4
著啦,tioh8--lah4
來囉,lai5--looh4
國際,kok4-tse3
大戲院,tua7-hi3-inn7
隆重,liong5-tiong7
獻映喔,hian3-ing3--ooh4
場面,tiunn5-bin7
鬧熱,nau7-liat8
無法度,bo5-huat4-too7
金鳳社,kim1-hong7-sia7
人喔,lang5--ooh4
妝妝咧,tsng1-tsng1--leh4
踩街,tshai2-ke1
紲落來喔,sua3--loh8-lai5--ooh4
妝做,tsng1-tso3
月鳳仔,guat8-hong7--a2
思嘉,su1-ka1
演,ian2
亂世,luan7-se3
佳人,ka1-jin5
變猴弄啦,pinn3-kau5-lang7--lah4
看乎,khuann3--honnh4
月鳳,guat8-hong7
身邊,sin1-pinn1
刁工,tiau1-kang1
大東,tai7-tong1
宣傳,suan1-thuan5
鬧熱滾滾,lau7-liat8-kun2-kun2
插插插,tshah4-tshah4-tshah4
成功的,sing5-kong1--e5
成功,sing5-kong1
歹講咧,phainn2-kong2--leh4
租的呢,tsoo1--e5--neh4
青盲,tshenn1-me5
貓,niau1
死,si2
鳥鼠,niau2-tshi2
好運啦,ho2-un7--lah4
規工,kui1-kang1
目空赤,bak8-khang1-tshiah4
話啦,ue7--lah4
閒,ing5
學一下,oh8--tsit8-e7
講話啊,kong2-ue7--ah4
較早,khah4-tsa2
支咧,ki1--leh4
才子,tsai5-tsu2
西廂記,se1-siong1-ki3
毋著,m7-tioh8
唅,hannh4
會記得,e7-ki3-tsit4
講你,kong2--li2
是毋,si7--m7
鄉親,hiong1-tshin1
好乎,ho2--honnh4
看的,khuann3--e5
排隊乎,pai5-tui7--honnh4
位唅,ui7--hannh4
閃啦,siam2--lah4
戇象仔,gong7-tshiunn7--a2
隻乎,tsiah4--honnh4
白目,peh8-bak8
猴啦,kau5--lah4
這馬乎,tsit4-ma2--honnh4
顧門狗矣,koo3-mng5-kau2--ah4
顧門狗啊,koo3-mng5-kau2--ah4
態度啊,thai3-too7--ah4
空氣乎,khang1-khui3--honnh4
恁啦,lin2--lah4
顧門,koo3-mng5
死啊唅,si2--ah4--hannh4
按怎啊唅,an2-tsuann2--ah4--hannh4
顧門狗啦,koo3-mng5-kau2--lah4
吞落去唅,thun1--loh8-khi3--hannh4
放手啦,pang3-tshiu2--lah4
起跤動手啊,khi2-kha1-tang7-tshiu2--ah4
哭枵喔,khau3-iau1--ooh4
聳鬚,tshang3-tshiu1
著愛,tioh8-ai3
輩份,pue3-hun7
計較,ke3-kau3
飄撇啦,phiau1-phiat4--lah4
袂用得啦,be7-ing7--tsit4--lah4
痟的喔,siau2--e5--ooh4
來者,lai5--tsia2
客,kheh4
大細,tua7-se3
第七百,te7-tshit4-pah4
燒肉粽,sio1-bah4-tsang3
聽咧無,thiann1--leh4--bo5
知影啦,tsai1-iann2--lah4
配合,phue3-hap8,phe3-hap8
拄好,tu2-ho2
一切,it4-tshe3
火,hue2
化去矣,hua1--khi3--ah4
哪著,na2-tioh8
交代,kau1-tai3
搖啊,io5--ah4
奶母,ni1-bu2
媽媽啦,ma2-mah4--lah4
媽媽咧,ma2-mah4--leh4
吵伊,tsha2--i1
媽媽,ma2-mah4
艱苦,kan1-khoo2
內面,lai7-bin7
藥,ioh8
爸爸,pa2-pah4
賊囉,tshat8--looh4
講啦,kong2--lah4
若像,na2-tshiunn7
著賊偷,tioh8-tshat8-thau1
志明,tsi3-bing5
啥物啦,siann2-mih8--lah4
內褲,lai7-khoo3
外面,gua7-bin7
討客兄,tho2-kheh4-hiann1
頭家啊,thau5-ke1--ah4
拍啦,phah4--lah4
走啦,tsau2--lah4
毋通啦,m7-thang1--lah4
客兄,kheh4-hiann1
即時,tsik4-si5
出去啦,tshut4--khi3--lah4
頭家的,thau5-ke1--e5
外,gua7
月矣,gueh8--ah4
臺北,tai5-pak4
做人,tso3-lang5
媠的,sui2--e5
看一下乎,khuann3--tsit8-e7--honnh4
姊姊,tse2-tseh4
秀娟,siu3-kuan1
鴻文,hong5-bun5
細姨,se3-i5
拐咧,kuai2--leh4
塊,te3
小小,sio2-sio2
豬母肉呢,ti1-bo2-bah4--neh4
清楚,tshing1-tshoo2,tshing1-tsho2
一聲,tsit8-siann1
功夫,kang1-hu1
袂䆀喔,bue7-bai2--ooh4
敢若,kan2-na2
母夜叉,bu2-ia7-tshe1
麵龜咧,mi7-ku1--leh4
擋咧,tong3--leh4
哎喲喂啊,ai1-io7-ue5--ah4
哎喲,ai1-io7
無啊,bo5--ah4
啥物貨啊,siann2-mih4-hue3--ah4
啥物貨唅,siann2-mih4-hue3--hannh4
步喔,poo7--ooh4
雞胿,ke1-kui1
順風,sun7-hong1
姑娘,koo1-niu5
弄,lang7,long7
獅頭啦,sai1-thau5--lah4
頇顢,han1-ban7
頇顢啦,han1-ban7--lah4
功夫啦,kang1-hu1--lah4
厝邊頭尾,tshu3-pinn1-thau5-be2,tshu3-pinn1-thau5-bue2
老,lau7
師伯,sai1-peh4
師姆啦,sai1-m2--lah4
今仔日乎,kin1-a2-lit8--honnh4
講古,kong2-koo2
福來,hok4-lai5
氣球,khi3-kiu5
太空,thai3-khong1
死人啊,si2-lang5--ah4
冷去矣啦,ling2--khi3--ah4--lah4
脫,thuat4
敢若乎,kan2-na2--honnh4
過暝,kue3-mi5
雞胿仔咧,ke1-kui1-a2--leh4
食暗矣呢,tsiah8-am3--ah4--neh4
今,tann1
讀書,thak8-tsu1
轉來喔,tng2--lai5--ooh4
彩券啦,tshai2-kuan3--lah4
彩券,tshai2-kuan3
阿伯,a1-peh4
阿姆,a1-m2
骨力,kut4-lat8
食飯啦,tsiah8-png7--lah4
搖喔,io5--ooh4
鴻文仔,hong5-bun5--a2
轉來矣呢,tng2--lai5--ah4--neh4
連,lian5
虼蚻,ka1-tsuah8
無啦,bo5--lah4
冗早,liong7-tsa2
謼,hooh4
按呢啦,an2-ne1--lah4
哼,hngh4
知啦,tsai1--lah4
早起時仔,tsai2-khi2-si5-a2
起火,khi2-he2
糜,mue5
食啦,tsiah8--lah4
歲仔乎,hue3--a2--honnh4
泡,phau3
一球仔,tsit8-kiu5--a2,tsit8-kiu5-a2
恬呢,tiam7--neh4
毋才乎,m7-tsiah4--honnh4
走去,tsau2-khi3
予伊,hoo7--i1
小等咧,sio2-tan2--leh4
想著矣,siunn7-tioh8--ah4
秀娟仔乎,siu3-kuan1--a2--honnh4
絕對,tsuat8-tui3
提的啦,theh8--e5--lah4
摵著,tshik8-tioh8
予人,hoo7--lang5
袂用得呢,be7-ing7--tsit4--neh4
抑無,ah8-bo5,iah8-bo5,ah4-bo5
步啊,poo7--ah4
發的,huat4--e5,huat8--e5
尾幫車,bue2-pang1-tshia1
翠翠啊,tshui3-tshui3--ah4
救人喔,kiu3-lang5--ooh4
倚去,ua2--khi3
救咧啦,kiu3--leh4--lah4
你啦,li2--lah4
去啦,khi3--lah4
按怎呢,an2-tsuann2--nih4
救啦,kiu3--lah4
無法度啦,bo5-huat4-too7--lah4
三八,sam1-pat4
歲矣,hue3--ah4
囡仔性,gin2-a2-sing3
離喔,li7--ooh4
表小弟,piau2-sio2-ti7
批,phue1
飛轉來啦,pue1--tng2-lai5--lah4
飛轉來唅,pue1--tng2-lai5--hannh4
表小弟啊,piau2-sio2-ti7--ah4
表姊,piau2-tsi2
一絲仔啦,tsit8-si1-a2--lah4
斡過,uat4-ke3
爿啦,ping5--lah4
笑一下,tshio3--tsit8-e7
按怎啦,an2-tsuann2--lah4
知影矣啦,tsai1-iann2--ah4--lah4
暗矣,am3--ah4
痟,siau2
貨唅,hue3--hannh4
啥物啊,siann2-mih8--ah4
嘿啦,hennh4--lah4
起痟,khi2-siau2
爸仔囝,pe7-a2-kiann2
啥貨啦,siann2-hue3--lah4
囝咧,kiann2--leh4
人唅,lang5--hannh4
翠,tshui3
翠翠啦,tshui3-tshui3--lah4
無伊,bo5--i1
老的啊,lau7--e5--ah4
按怎咧,an2-tsuann2--leh4
有影無,u7-iann2--bo5
大箍呆,tua7-khoo1-tai1
囝,kiann2
老猴,lau7-kau5
唚一下,tsim1--tsit8-e7
庄頭,tsng1-thau5
驚我,kiann1--gua2
轉來去矣,tng2--lai5-khi3--ah4
坐一下,tse7--tsit8-e7
清清,tshing1-tshing1
萬,ban7
里,li2
明,bing5
水波,tsui2-pho1
笑文文,tshio3-bun5-bun5
柳葉,liu2-hioh8
伴著,phuann7-tioh8
滿,mua2
山崙,suann1-lun7
在,tsai7
河邊,ho5-pinn1
情份,tsing5-hun7
青春,tshing1-tshun1
情戀,tsing5-luan5
詩譜,si1-phoo2
相愛,siong1-ai3
難,lan5
鳥啼聲,tsiau2-thi5-siann1
含,ham5
情,tsing5
帶,tai3
意,i3
春光,tshun1-kong1
滿滿,mua2-mua2
有情,u7-tsing5
形影,hing5-iann2
談,tam5
情意,tsing5-i3
笑容,tshio3-iong5
滿面,mua2-bin7
春天,tshun1-thinn1
海角,hai2-kak4
天邊,thinn1-pinn1
分離,hun1-li7
春風,tshun1-hong1
朝朝暮暮,tiau5-tiau5-boo7-boo7
做陣,tso3-tin7
如今,ju5-kim1
心心相印,sim1-sim1-siong1-in3
晴空,tsing5-khong1
紅宵,ang5-siau1
燈火,ting1-hue2
青,tshenn1
又,iu7
鎮定,tin3-tiann7
講矣,kong2--ah4
對不住,tui3-put4-tsu7
受傷,siu7-siong1
太,thai3
愛你,ai3--li2
衝碰,tshong2-pong7
愛我,ai3--gua2
翠翠,tshui3-tshui3
相信我,siong1-sin3--gua2
嫁,ke3
銅仔,tang5--a2
教示,ka3-si7
可惡,kho2-onn3,khonn2-onn3
小心咧,sio2-sim1--leh4
姑母,koo1-bio2
家內,ka1-lai7
課,kho3
離開你,li7-khui1--li2
學業,hak8-giap8
隨時,sui5-si5
老爸,lau7-pe7
交通,kau1-thong1
方便,hong1-pian7
送你,sang3--li2
仝款嘛,kang7-khuan2--mah4
怎樣,tsuann2-iunn7
怎樣啦,tsuann2-iunn7--lah4
阿伯仔,a1-peh4--a2
代誌啊,tai7-tsi3--ah4
這號,tsit4-lo7
行啦,kiann5--lah4
三十七,sann1-tsap8-tshit4
新娘,sin1-niu5
人人,lang5-lang5
交著,kau1-tioh8
真情,tsin1-tsing5
動,tong7
友,iu2
怎樣咧,tsuann2-iunn7--leh4
如何,lu5-ho5
情伴,tsing5-phuann7
哥哥,ko1--koh4
嘻,hi1
散,suann3
自由自在,tsu7-iu5-tsu7-tsai7
消遙,siau1-iau5
通得,thang1-tsit4
愛情,ai3-tsing5
老的,lau7--e5
生來,senn1--lai5
猶原,iu1-guan5,iu5-guan5
分明,hun1-bing5
時代,si5-tai7
妹妹,me1--meh4
今來,kim1--lai5
情話,tsing5-ue7
糖甘蜜甜,thng5-kam1-bit8-tinn1
過日,kue3-jit8
死囡仔,si2-gin2-a2
差教的,tshe1-ka3--e5
吐癗,thoo2-lui5
摒,piann3
糞埽毋,pun3-so3--m7
罵,me7
挵著,long3-tioh8,long3--tioh8
我的呢,gua2--e5--neh4
我的啦,gua2--e5--lah4
插你,tshap4--li2
插你啦,tshap4--li2--lah4
掃掃咧,sau3-sau3--leh4
失禮喔,sit4-le2--ooh4
失禮乎,sit4-le2--honnh4
受氣,siu7-khi3
走出來呢,tsau2--tshut4-lai5--neh4
來的呢,lai5--e5--neh4
行喔,kiann5--ooh4
叫咧,kio3--leh4
欸,eh4
麵店仔,mi7-tiam3-a2
管啦,kuan2--lah4
好嘛,ho2--mah4
來矣呢,lai5--ah4--neh4
排的嘛,pai5--e5--mah4
冤家啦,uan1-ke1--lah4
排嘛,pai5--mah4
排隊啦,pai5-tui7--lah4
遮啦,tsia1--lah4
看一下,khuann3--tsit8-e7
笑一下啦,tshio3--tsit8-e7--lah4
挈去,kheh8--khi3,kheh8-khi3
高中,ko1-tiong1
畢業的,pit4-giap8--e5
誠然,sing5-jian5
自由啦,tsu7-iu5--lah4
高三,ko1-sann1
現在,hian7-tsai7
獨身的呢,tok8-sin1--e5--neh4
獨身咧,tok8-sin1--leh4
嬈,hiau5
看啦,khuann3--lah4
獨身啦,tok8-sin1--lah4
來的講,lai5--e5--kong2
看一下啦,khuann3--tsit8-e7--lah4
痟貓,siau2-niau1
書,tsu1
後房啦,au7-pang5--lah4
唌唌,siann5-siann5
規大堆啦,kui1-tua7-tui1--lah4
堪得,kham1-tsit4
怎樣啊,tsuann2-iunn7--ah4
番仔火枝呢,huan1-a2-he2-ki1--neh4
汽油呢,khi3-iu5--neh4
勾去,kau1--khi3
囝乎,kiann2--honnh4
忝,thiam2
關咧,kuainn1--leh4
毋拄好,m7-tu2-ho2
挵入來,long3--lip8-lai5
袂騙得,be7-phian3-tsit4
痟狗乎,siau2-kau2--honnh4
亂來,luan7-lai5
主婚,tsu2-hun1
人格,lin5-keh4
對方,tui3-hong1
熊,him5
虎,hoo2
亂亂交,luan7-luan7-kau1
區公所,khu1-kong1-soo2
盧先生,loo5--sian1-sinn1
介紹的,kai3-siau7--e5
斯文咧,su1-bun5--leh4
內才,lai7-tsai5
外才乎,gua7-tsai5--honnh4
看著乎,khuann3--tioh8--honnh4
亂亂講,luan7-luan7-kong2
袂見笑,be7-kian3-siau3
死人債毋,si2-lang5-tse3--m7
挵,long3
挵我,long3--gua2
別位仔,pat8-ui7-a2
偏偏仔,phian1-phian1-a2
門跤口呢,mng5-kha1-khau2--neh4
講話啦,kong2-ue7--lah4
賠來,pue5--lai5
洗衫仔錢,se2-sann1-a2-tsinn5
提來,theh8--lai5,theh8-lai5,thueh8-lai5
痟狗,siau2-kau2
毋成貓,m7-tsiann5-niau1
緣投仔先,ian5-tau5-a2-sian1
有啦,u7--lah4
痟貓啊,siau2-niau1--ah4
拳頭,kun5-thau5
大路,tua7-loo7
內面啦,lai7-bin7--lah4
袂曉,be7-hiau2
圍圍起來,ui5-ui5--khi2-lai5
石頭,tsioh8-thau5
改名啦,kai2-mia5--lah4
叫做,kio3-tso3
石,tsioh8
阿狗啦,a1-kau2--lah4
狗啦,kau2--lah4
開門喔,khui1-mng5--ooh4
關啊,kuainn1--ah4
佇咧無啊,ti7--leh4--bo5--ah4
來矣啦,lai5--ah4--lah4
來啦,lai5--lah4
料,liau7
吩咐啦,huan1-hu3--lah4
修理,siu1-li2
佗位啊,to2-ui7--ah4
窗仔門乎,thang1-a2-mng5--honnh4
釘釘起來,ting3-ting3--khi2-lai5
窗仔門,thang1-a2-mng5
通風,thang1-hong1
釘起來,ting3--khi2-lai5
出入,tshut4-lip8
害著,hai7-tioh8
學人,hak8-jin5
週刊,tsiu1-khan1
觀點,kuan1-tiam2
以下,i2-ha7
摘要,tiah4-iau3
國營,kok4-ing5
電視台,tian7-si7-tai5
來自,lai5-tsu7
東歐,tang1-au1
漸漸,tsiam7-tsiam7
焦去,ta1--khi3
歐洲,au1-tsiu1
只有,tsi2-u7
東,tang1
唱聲,tshiang3-siann1
武器,bu2-khi3
分析家,hun1-sik4-ka1
戰爭,tsian3-tsing1
風險,hong1-hiam2
要求,iau1-kiu5
社會,sia7-hue7
政策,tsing3-tshik4
威嚇,ui1-hik4
西方,se1-hong1
表現,piau2-hian7
弱點,jiok8-tiam2
勝利,sing3-li7
月底,gueh8-te2
以前,i2-tsing5
達成,tat8-sing5
協議,hiap8-gi7
贊成者,tsan3-sing5-tsia2
呵咾,o1-lo2
務實,bu7-sit8
路線,loo7-suann3
共和黨,kiong7-ho5-tong2
抵制,te2-tse3
讓步,niu7-poo7
讓,niu7
傷過,siunn1-kue3
意願,i3-guan7
參選,tsham1-suan2
總統,tsong2-thong2
人士,jin5-su7
主張,tsu2-tiunn1
強硬,kiong5-nge7
外交,gua7-kau1
表達,piau2-tat8
趣味,tshu3-bi7
笑詼,tshio3-khue1
爽的,song2--e5
看做,khuann3-tso3
正,tsing3,tsiann3
邪,sia5
雙方,siang1-hong1
之,tsi1
爭,tsing1,tsenn1
道理,to7-li2
盟邦,bing5-pang1
敵人,tik8-lin5
眼內,gan2-lai7
不利,put4-li7
行動,hing5-tong7
東海,tang1-hai2
出招,tshut4-tsiau1
估算,koo2-sng3
種種,tsiong2-tsiong2
國,kok4
缺點,khuat4-tiam2
力量,lik8-liong7
需要的,su1-iau3--e5
企圖心,khi3-too5-sim1
現實,hian7-sit8
中間,tiong1-kan1
平衡,ping5-hing5
套,tho3
原則,guan5-tsik4
執行,tsip4-hing5
戰略,tsian3-liok8
監禁,kam1-kim3
特殊,tik8-su5
現象,hian7-siong7
關,kuainn1,kuinn1
烏人,oo1-lang5
男性,lam5-sing3
一世人,tsit8-si3-lang5
上無,siong7-bo5
櫳仔內,long5-a2-lai7
監獄,kann1-gak8
𤲍,kheh4
費用,hui3-iong7
管理,kuan2-li2
困難,khun3-lan5
加上,ka1-siong7
規个,kui1-e5
體系,the2-he7
偏見,phian1-kian3
坐監,tse7-kann1
白人,peh8-lang5
刑期,hing5-ki5
新聞,sin1-bun5
學者,hak8-tsia2
警告過矣,king2-ko3--kue3--ah4
跨,khua3
講來,kong2--lai5
關鍵,kuan1-kian7
刑事,hing5-su7
法,huat4
改革,kai2-kik4
出勤,tshut4-khin5
安,an1
攝影機,liap4-iann2-ki1
有力,u7-lat8
信號,sin3-ho7
發動,huat4-tong7
盟友,bing5-iu2
跟綴,kin1-tue3
領導,ling2-to7
當選,tong3-suan2
被,pi7
實現,sit8-hian7
承諾,sing5-lok8
種族,tsing2-tsok8
屠殺,too5-sat4
教訓,kau3-hun3
近代,kin7-tai7
歷史,lik8-su2
場,tiunn5
紀念日,ki3-liam7-lit8
四月,si3--gueh8
仝,kang7,kang5
發生咧,huat4-sing1--leh4
刊,khan1
雜誌,tsap8-tsi3
網站,bang7-tsam7
宗教上,tsong1-kau3-siong7
異己,i7-ki2
根本,kin1-pun2
觀察者,kuan1-tshat4-tsia2
族群,tsok8-kun5
早期,tsa2-ki5
影跡,iann2-tsiah4,iann2-jiah4
大規模,tua7-kui1-boo5
暴行,po7-hing5
掩崁,am1-kham3
傳遍,thuan5-phian3
暴力,po7-lik8
統治者,thong2-ti7-tsia2
毋敢,m7-kann2
烏白來,oo1-peh8-lai5
介入,kai3-jip8
制裁,tse3-tshai5
比喻,pi2-lu7
法院,huat4-inn7
部會,poo7-hue7
委員會,ui2-uan5-hue7
防止,hong5-tsi2
拋拋走,pha1-pha1-tsau2
舊年底,ku7-ni5-te2
檢察官,kiam2-tshat4-kuann1
暫停,tsiam7-thing5
安理會,an1-li2-hue7
作為,tsok4-ui5
能力,ling5-lik8
國家,kok4-ka1
插矣,tshap4--ah4
口號,khau2-ho7
簽定,tshiam1-ting7
正式,tsing3-sik4
防禦,hong5-gu7
條約,tiau5-iok4
會談,hue7-tam5
意外,i3-gua7
代先,tai7-sing1
發表,huat4-piau2
保證,po2-tsing3
調整,tiau5-tsing2
王位,ong5-ui7
繼承,ke3-sing5
順位,sun7-ui7
接班,tsiap4-pan1
媒體,mui5-the2
政權,tsing3-khuan5
對外,tui3-gua7
獨立,tok8-lip8
積極,tsik4-kik8
序詩,su7-si1
詩,si1
詩人,si1-jin5
首,siu2
押韻,ah4-un7
格律,kik4-lut8
整齊,tsing2-tse5
作品,tsok4-phin2
小說家,siau2-suat4-ka1
連連,lian5-lian5
社會版,sia7-hue7-pan2
只,tsi2
歹徒,tai2-too5
丙,piann2
日,jit8
而,ji5
胡言亂語,oo5-gian5-luan7-gi2
人生,jin5-sing1,lin5-sing1
一月,it4--gueh8
之一,tsi1-it4
連鞭,liam5-mi1
綿仔糖,mi5-a2-thng5
固定,koo3-ting7
面貌,bin7-mau7
外形,gua7-hing5
在人,tsai7-lang5
稗,phe7
變化,pian3-hua3
才是,tsiah4-si7
真理,tsin1-li2
加出來,ke1--tshut4-lai5
體重,the2-tang7
出門,tshut4-mng5
溢,ik4
猛,bing2,me2
化做,hua3-tso3
無形,bu5-hing5
初次,tshoo1-tshu3
刊登,khan1-ting1
現代詩,hian7-tai7-si1
第三十二,te7-sann1-tsap8-ji7
忘,bong7
憂,iu1
森林,sim1-lim5
之二,tsi1-ji7
迷霧,be5-bu7
罩雺,ta3-bong5
樹林,tshiu7-na5
雺,bong5
箍做,khoo1-tso3
伙,hue2
樹,tshiu7
物,mih8
報路,po3-loo7
幫助,pang1-tsoo7
十一,tsap8-it4
杯仔,pue1-a2
破,phua3
猶袂,iau2-be7
破去,phua3--khi3
好好仔,ho2-ho2-a2
珍惜,tin1-sioh4
傷心,siong1-sim1
彼時,hit4-si5
母語,bu2-gi2
十二,tsap8-ji7
摔破,siak4-phua3
大人,tua7-lang5
教示咱,ka3-si7--lan2
穩定,un2-ting7
保障,po2-tsiong1
冒險,moo7-hiam2
危險,gui5-hiam2
生活,sing1-uah8
傷害,siong1-hai7
活,uah8
白白,peh8-peh8
空過,khang1-kue3
不變,put4-pian3
驚驚,kiann1-kiann1
失敗,sit4-pai7
其實,ki5-sit8
無聊,bo5-liau5
六月,lak8--gueh8
十三,tsap8-sann1
義大,gi7-tai7
遊樂,iu5-lok8
遊樂園,iu5-lok8-hng5
器材,khi3-tsai5
勻聊仔,un5-liau5-a2
大起大落,tua7-khi2-tua7-loh8
平和,ping5-ho5
一觸仔,tsit8-tak4-a2
結束,kiat4-sok4
活動,uah8-tong7,uah8-tang7
圓箍仔,inn5-khoo1-a2
刺激的,tshi3-kik8--e5
穩在的,un2-tsai7--e5
之五,tsi1-goo7
原地,guan5-te7
一點仔,tsit8-tiam2-a2
七月,tshit4--gueh8
十七,tsap8-tshit4
養飼,iunn2-tshi7
重心,tiong7-sim1
空虛,khang1-hi1
孤單,koo1-tuann1
別莊,piat8-tsong1
成就,sing5-tsiu7
權,khuan5
勢,se3
年華,lian5-hua5
西,se1,sai1
遺,ui5
憾,ham7
安心,an1-sim1
夢,bang7
肯定,khing2-ting7
滿意,buan2-i3
八月,peh4--gueh8
笑笑仔,tshio3-tshio3-a2
小可,sio2-khua2
面仔,bin7-a2
紅記記,ang5-ki3-ki3
男女,lam5-lu2
做愛,tso3-ai3
無意無意,bo5-i3-bo5-i3
閒閒,ing5-ing5
黃色片,ng5-sik4-phinn3
演員,ian2-guan5
做起來,tso3--khi2-lai5
路邊,loo7-pinn1
街友,ke1-iu2
規日,kui1-jit8
感覺起來,kam2-kak4--khi2-lai5
憂愁,iu1-tshiu5
啥款,siann2-khuan2
心情,sim1-tsing5,sim1-tsiann5
做伊,tso3--i7
有閒無,u7-ing5--bo5
無閒呢,bo5-ing5--neh4
逐日,tak8-jit8
完美,uan5-bi2
家庭,ka1-ting5
充實,tshiong1-sit8
平常時,ping5-siong5-si5
慣勢,kuan3-si3
配,phue3
久長,ku2-tng5
忝頭,thiam2-thau5
停落來,thing5--loh8-lai5
行了,kiann5-liau2
靈魂,ling5-hun5
肉體,jiok8-the2
路途,loo7-too5
不時,put4-si5
靜落來,tsing7--loh8-lai5
享受,hiang2-siu7
甘甜,kam1-tinn1
腦筋,nau2-kin1
急,kip4
轉彎,tsuan2-uan1
象,tshiunn7
冰箱,ping1-siunn1
冰箱門,ping1-siunn1-mng5
關起來,kuainn1--khi2-lai5
樸素,phok4-soo3
查某囡仔,tsa1-boo2-gin2-a2
查埔人,tsa1-poo1-lang5,ta1-poo1-lang5
證明,tsing3-bing5
身分證,sin1-hun7-tsing3
現代人,hian7-tai7-lang5
事實,su7-sit8
頂頭,ting2-thau5
之六,tsi1-lak8
節,tsiat4
缺席,khuat4-sik8
逃避,to5-pi7
總嘛是,tsong2--ma7--si7
死亡,si2-bong5
降臨,kang3-lim5
二十九,ji7-tsap8-kau2
發出,huat8-tshut4,huat4-tshut4
餓著,go7--tioh8
定,tiann7
這款,tsit4-khuan2
奴隸,loo5-le7
信息,sin3-sit4
雞卵糕,ke1-nng7-ko1
好食款,ho2-tsiah8-khuan2
雞排,ke1-pai5
鼻起來,phinn7--khi2-lai5
歹食款,phainn2-tsiah8-khuan2
看過,khuann3-kue3
胃腸科的,ui7-tng5-kho1--e5
草埔仔,tshau2-poo1-a2
色緻,sik4-ti3
好看,ho2-khuann3
損害,sun2-hai7
甘願,kam1-guan7
精牲,tsing1-senn1
不如,put4-lu5
擋,tong3
喝咻,huah4-hiu1
忍受,jim2-siu7
草踏,tsho2-tah8
暝日,me5-jit8,mi5-jit8
走傱,tsau2-tsong5
扶扶挺挺,phoo5-phoo5-thann2-thann2
虐待,gik8-thai7
還還轉去,hing5-hing5--tng2-khi3
乖順,kuai1-sun7
地獄,te7-gak8
他人,thann1-jin5
著的,tioh8--e5
誠做,tsiann5-tso3
親人,tshin1-lang5
獨立的,tok8-lip8--e5
經驗,king1-giam7
籠仔內,long5-a2-lai7
鏡,kiann3
印度,in3-too7
哲學家,thiat4-hak8-ka1
創作出來,tshong3-tsoh4--tshut4-lai5
天堂,thian1-tong5
敨縛,thau2-pak8
眾,tsiong3
業,giap8
獲,hik8
報,po3
如,ju5
經,king1
劫,kiap4
求,kiu5
此,tshu2
界,kai3
壞,hai7,huai7
他,thann1
次,tshu3
地藏,te7-tsong5
菩薩,phoo5-sat4
三十四,sann1-tsap8-si3
明知,bing5-tsai1
冤家,uan1-ke1
衰,sue1
遍,pian3
爛,nua7
桃花,tho5-hue1
歹運,phainn2-un7
戇人,gong7-lang5
脫離,thuat4-li5
止,tsi2
輪迴,lun5-hue5
中,tiong1,tiong3
三十九,sann1-tsap8-kau2
假設句,ka2-siat4-ku3,ka3-siat4-ku3
複合句,hok8-hap8-ku3
由,iu5
組成,tsoo1-sing5
向望,ng3-bang7
假設詞,ka3-siat4-su5
指向,tsi2-hiong3
平淡,ping5-tam7
不幸,put4-hing7
彩色,tshai2-sik4
好過矣,ho2-kue3--ah4
事業,su7-giap8
富裕,hu3-lu7
注意力,tsu3-i3-lik8
搦,lak8
四十三,si3-tsap8-sann1
神聖,sin5-sing3
母親,bu2-tshin1
母親節,bu2-tshin1-tseh4
政府,tsing3-hu2
電台,tian7-tai5
聲聲句句,siann1-siann1-ku3-ku3
偉大,ui2-tai7
包容,pau1-iong5
女性,lu2-sing3
挵死,long3-si2
揤,jih8,tshih8
鏡頭前,kiann3-thau5-tsing5
磕頭,khap8-thau5
會失禮,hue7-sit4-le2
查埔人咧,tsa1-poo1-lang5--leh4
藥水布,ioh8-tsui2-poo3
縛,pak8
頭殼頂,thau5-khak4-ting2
藏,tshang3
藝人,ge7-jin5
分手,hun1-tshiu2
掰會,pue2-hue7
無事人,bo5-su7-jin5
自我,tsu7-ngoo2
翁婿,ang1-sai3
對不起我,tui3-put4-khi2--gua2
做出,tso3-tshut4
傷天害理,siong1-thian1-hai7-li2
科學家,kho1-hak8-ka1
做官,tso3-kuann1
理想,li2-siong2
讚揚,tsan3-iong5
不過,put4-ko3
男人,lam5-jin5
洗碗,se2-uann2
生日,senn1-jit8
煮飯,tsu2-png7
貼心,tah4-sim1
疼你,thiann3--li2
貼心的,tah4-sim1--e5
慶祝,khing3-tsiok4
周年,tsiu1-ni5
予我囉,hoo7--gua2--looh4
安慰,an1-ui3
家,ka1
慢慢仔,ban7-ban7-a2
四十五,si3-tsap8-goo7
期末,ki5-buat8
角色,kak4-sik4
女主角,lu2-tsu2-kak4
寫出,sia2-tshut4
出來的,tshut4--lai5--e5
出現的,tshut4-hian7--e5
指出,tsi2-tshut4
對象,tui3-siong7
連起來,lian5--khi2-lai5
風吹,hong1-tshue1
獻予,hian3-hoo7
為,ui7
運動,un7-tong7
前輩,tsian5-pue3
有志,iu2-tsi3
吹,tshue1
搢風,tsinn3-hong1
展現,tian2-hian7
韌性,jun7-sing3
實力,sit8-lik8
對面,tui3-bin7
吹來,tshue1--lai5
雄風,hiong5-hong1
惡風,ok4-hong1
狂風,kong5-hong1
穩,un2
蹁過來,phian5--kue3-lai5
身影,sin1-iann2
烏暗,oo1-am3
大方,tai7-hong1
奢颺,tshia1-iann7
大學生,tai7-hak8-sing1
讀過,thak8-kue3
名家,bing5-ka1
理所當然,li2-soo2-tong1-jian5
教,ka3
國際化,kok4-tse3-hua3
通行,thong1-hing5
意識,i3-sik4
形態,hing5-thai3
第五十四,te7-goo7-tsap8-si3
標語,piau1-gi2
大街小巷,tua7-ke1-sio2-hang7
行踏,kiann5-tah8
啉酒,lim1-tsiu2
烏白,oo1-peh8
擲,tan3
糞埽,pun3-so3
深,tshim1
禁止,kim3-tsi2
耍水,sng2-tsui2
時時,si5-si5
防火,hong5-hue2
年年,ni5-ni5
平安,ping5-an1
完全,uan5-tsuan5
對反,tui3-huan2
亂,luan7
亂擲,luan7-tan3
醉茫茫,tsui3-bang5-bang5
照常,tsiau3-siong5
泅水,siu5-tsui2
顯示,hian2-si7
游泳,iu5-ing2
車禍,tshia1-ho7
較車,ka3-tshia1
性能,sing3-ling5
分的,pun1--e5
筆記,pit4-ki3
簿仔,phok8-a2
後面,au7-bin7
印,in3
堂堂正正,tong5-tong5-tsing3-tsing3
中國人,tiong1-kok4-lang5
彼陣,hit4-tsun7
堂正,tong5-tsing3
第五十五,te7-goo7-tsap8-goo7
千,tshing1
杯,pue1
半價,puann3-ke3
預付,i7-hu3
折,tsiat4
唌人的,siann5--lang5--e5
拍折,phah4-tsiat4
權利,khuan5-li7
回饋,hue5-kui7
折數,tsiat4-soo3
一心一意,it4-sim1-it4-i3
接近,tsiap4-kin7
預先,i7-sian1
支付,tsi1-hu3
人質,jin5-tsit4
另日,ling7-jit8
別牌,pat8-pai5
別間,pat8-king1
游泳池,iu5-ing2-ti5
沒收,but8-siu1
算是,sng3-si7
贖金,siok8-kim1
變心,pian3-sim1
代價,tai7-ke3
十二月,tsap8-ji7--gueh8
第五十六,te7-goo7-tsap8-lak8
核電,hik8-tian7
段,tuann7
高貴,ko1-kui3
舞,bu2
三月,sann1--gueh8
台中,tai5-tiong1
通訊,thong1-sin3
罔報,bong2-po3
第兩百,te7-nng7-pah4
二十八,ji7-tsap8-peh4
讚,tsan2
貼,tah4
相片,siong3-phinn3
核能,hik8-ling5
電廠,tian7-tshiunn2
第六十三,te7-lak8-tsap8-sann1
往過,ing2-kue3
國家級,kok4-ka1-kip4
實驗室,sit8-giam7-sik4
無辜,bu5-koo1
七百,tshit4-pah4
九十一,kau2-tsap8-it4
族語,tsok8-gi2
公文,kong1-bun5
原住民,guan5-tsu7-bin5
轉型,tsuan2-hing5
正義,tsing3-gi7
伐,huah8
原住民日,guan5-tsu7-bin5-jit8
紀念,ki3-liam7
正名,tsiann3-mia5
歧視,ki5-si7
稱呼,tshing1-hoo1
多元,to1-guan5
文化,bun5-hua3
受,siu7
公,kong1
領域,ling2-hik8
呈現,thing5-hian7
客家語,kheh4-ka1-gi2
原住民族,guan5-tsu7-bin5-tsok8
通知,thong1-ti1
全戶,tsuan5-hoo7
恢復,khue1-hok8
傳統,thuan5-thong2
名姓,mia5-senn3
聯合,lian5-hap8
收獲節,siu1-hik8-tsiat4
接受,tsiap4-siu7
褒獎,po1-tsiong2
潘,phuann1
孟安,bing7-an1
結合,kiat4-hap8
屏東縣,pin5-tong1-kuan7
分享,hun1-hiong2
花蓮縣,hua1-lian5-kuan7
光復,kong1-hok8
鄉公所,hiong1-kong1-soo2
發出來,huat4--tshut4-lai5
五十三,goo7-tsap8-sann1
早幫車,tsa2-pang1-tshia1
老高的啊,lau2-ko1--e5--ah4
畫了,ue7-liau2
趣味啦,tshu3-bi7--lah4
趕起來,kuann2--khi2-lai5
鬼的,kui2--e5
長啦,tng5--lah4
一段,tsit8-tuann7
悲慘,pi1-tsham2
往事,ong2-su7
前啊,tsing5--ah4
有一日,u7-tsit8-lit8
孤身,koo1-sin1
畫圖,ue7-too5
田庄,tshan5-tsng1
玲玲啊,ling5-ling5--ah4
來去喔,lai5-khi3--ooh4
名唅,mia5--hannh4
黃,ng5
秀蘭,siu3-lan5
農村,long5-tshuan1
笑嘻嘻,tshio3-hi1-hi1
阿哥,a1-ko1
水車,tsui2-tshia1
獻,hian3
微微,bi5-bi5
吹著,tshue1-tioh8
青青,tshinn1-tshinn1
愛意,ai3-i3
倚,ua2
哎喲喂,ai1-io7-ue5
歹看,phainn2-khuann3
驚啦,kiann1--lah4
冷一下,ling2--tsit8-e7
阿昌,a1-tshiong1
伯,peh4
死去,si2--khi3
卸,sia3
寡,kua2
還我,hing5--gua2
從,tsing5
老翁,lau7-ang1
趁錢,than3-tsinn5
寬限一下,khuan1-an7--tsit8-e7
久矣,ku2--ah4
限,an7,han7
不得已的,put4-tik4-i2--e5
拜託咧,pai3-thok4--leh4
辯,pian7
還我啦,hing5--gua2--lah4,hainn5--gua2--lah4
提起,the5-khi2
毋甘,m7-kam1
加添,ka1-thiam1
還伊,hing5--i1,hainn5--i1
代誌咧,tai7-tsi3--leh4
討錢,tho2-tsinn5
簡單嘛,kan2-tan1--mah4
收成,siu1-sing5
錢啊,tsinn5--ah4
還啦,hing5--lah4
雪娥,suat4-ngoo5
轉來的,tng2--lai5--e5
趁食,than3-tsiah8
無偌久,bo5-lua7-ku2
媠矣,sui2--ah4
允,in2
庄跤,tsng1-kha1
厝裡,tshu3--li2
逼,pik4
還人,hing5--lang5
都市,too1-tshi7
混雜,hun7-tsap8
車幫,tshia1-pang1
拜託你乎,pai3-thok4--li2--honnh4
放心,hong3-sim1
五花十色,goo7-hue1-tsap8-sik4
孝心,hau3-sim1
經理,king1-li2
人面,lang5-bin7
闊,khuah4
頭路無,thau5-loo7--bo5
途啊,too5--ah4
董事長,tang2-su7-tiunn2
准的,tsun2--e5
䆀,bai2
欲毋,beh4--m7
處處,tshu3-tshu3
細膩咧,se3-li7--leh4
了解我,liau2-kai2--gua2
火土,hue2-thoo2
歌,kua1
離別,li7-piat8
厝稅,tshu3-se3
遐的,hia1-e5
數,siau3
算算咧,sng3-sng3--leh4
會啦,e7--lah4
頂幫,ting2-pang1
食頭路,tsiah8-thau5-loo7
五十四,goo7-tsap8-si3
舊情,ku7-tsing5
綿綿,mi5-mi5
言,gian5
說出,sueh4-tshut4
因何,in1-ho5
偏偏,phian1-phian1
鍾情,tsiong1-tsing5
想你,siunn7--li2
想起,siunn7-khi2
早日,tsa2-jit8
談戀,tam5-luan5
樹邊,tshiu7-pinn1
男子,lam5-tsu2
誓,se3
看破,khuann3-phua3
避走,phiah4-tsau2
輕薄,khin1-poh8
無情,bo5-tsing5
犧牲,hi1-sing1
黃昏,hong5-hun1
目屎,bak8-sai2
流,lau5
借問一下,tsioh4-mng7--tsit8-e7
去乎,khi3--honnh4
學校啦,hak8-hau7--lah4
班,pan1
擔任,tam1-jim7
兼,kiam1
年級,ni5-kip4
音樂,im1-gak8
六年仔,lak8-ni5-a2
綴著,tue3-tioh8
宿,siok4
侯,hau5
老師啊,lau7-su1--ah4
校長,hau7-tiunn2
稅人,sue3--lang5
租人,tsoo1--lang5
阿甘仔,a1-kam1--a2
轉來去,tng2--lai5-khi3
貨,hue3
出產,tshut4-san2
檳榔,pun1-nng5,pin1-nng5
阿章,a1-tsiunn1
小等咧喔,sio2-tan2--leh4--ooh4
頂日,ting2-jit8
稅,sue3
租,tsoo1
唱歌,tshiunn3-kua1
挽,ban2
笑聲,tshio3-siann1
正當,tsiann3-tng1
每日,mui2-jit8
英俊,ing1-tsun3
標緻,piau1-ti3
聲音,siann1-im1
響亮,hiang2-liang7
鳥隻,tsiau2-tsiah4
聲聲,siann1-siann1
啼,thi5
奇,ki5
說多謝,sueh4-to1-sia7
抌著,tim3--tioh8
有閒,u7-ing5
霞的,ha5--e5
開門咧,khui1-mng5--leh4
總公司,tsong2-kong1-si1
通知啦,thong1-ti1--lah4
後日,au7--jit8
派,phai3
主任,tsu2-jim7
若無,na7-bo5
好聽,ho2-thiann1
窗邊,thang1-pinn1
無影啦,bo5-iann2--lah4
唱著,tshiunn3-tioh8
看了,khuann3-liau2
先生人,sian1-sinn1-lang5
以外咧,i2-gua7--leh4
佯生,tenn3-tshinn1
愛啦,ai3--lah4
阿霞,a1-ha5
醫生館無,i1-sing1-kuan2--bo5
街仔,ke1-a2
緊咧啦,kin2--leh4--lah4
跋落去矣,puah8--loh8-khi3--ah4
按呢生啦,an2-ne1-sinn1--lah4
瘸跤,khue5-kha1
抱,pho7
駛車唅,sai2-tshia1--hannh4
阿林,a1-lim5
菁仔欉頂,tshinn1-a2-tsang5-ting2
跋落來,puah8--loh8-lai5
跋落來啦,puah8--loh8-lai5--lah4
姓,senn3
老師啦,lau7-su1--lah4
霞仔,ha5--a2
慢且,ban7-tshiann2
慢且咧,ban7-tshiann2--leh4
教員,kau3-uan5
跋落去,puah8--loh8-khi3
有咧,u7--leh4
保領,po2-nia2
兄弟啊,hiann1-ti7--ah4
跋落,puah8--loh8
大細聲,tua7-se3-siann1
故意,koo3-i3
膏膏纏,ko1-ko1-tinn5
細聲咧,se3-siann1--leh4
無唅,bo5--hannh4
昏迷,hun7-be5
醒,tshinn2
萬一,ban7-it4
賠我,pue5--gua2
肅靜咧,siok4-tsing7--leh4
無乎,bo5--honnh4
腦震盪,nau2-tsin3-tong7
安靜,an1-tsing7
醫藥費,i1-ioh8-hui3
勞力喔,loo2-lat8--ooh4
來往,lai5-ong2
直直直,tit8-tit8-tit8
偝,ainn7
阿媽,a1-ma2
醫生,i1-sing1
利頭,li7-thau5
通路,thong1-loo7
菜蟲,tshai3-thang5
貿貿去,bauh8-bauh8--khi3
作穡,tsoh4-sit4
卯,bau2
趙,tio7
光明,kong1-bing5
財神,tsai5-sin5
默仔姊,bik8-a2-tse2
天上,thian1-siong7
聖母,sing3-bio2
審判司,sim2-phuann3-si1
罪,tsue7
背謬,pue7-biu7
上帝,siong7-te3
捾水,kuann7-tsui2
沃花,ak4-hue1
雙,siang1
襪仔,bueh8-a2
沙微沙微,sa1-bui1-sa1-bui1
洗面,se2-bin7
拜訪,pai3-hong2
阿姑,a1-koo1
姑丈,koo1-tiunn7
愣愣,gang7-gang7
輸贏的,su1-iann5--e5
惡妻,ok4-tshe1
孽子,giat8-tsu2
可,kho2
治,ti7
序細,si7-se3
礙虐,gai7-gioh8,ngai7-gioh8
廟寺,bio7-si7
信仰,sin3-giong2
箍倚,khoo1-ua2
社區,sia7-khu1
功能,kong1-ling5
桌,toh4
菜色,tshai3-sik4
包含,pau1-ham5
虱目魚,sat4-bak8-hi5
五柳居,ngoo2-liu2-ki1
炊,tshue1
粉蟯,hun2-gio5
蒜頭,suan3-thau5
煠,sah8
白醋,peh8-tshoo3
蝦仔,he5-a2
情況,tsing5-hong2
岌岌可危,gip8-gip8-kho2-gui5
鱷魚,gok8-hi5
員外,guan5-gue7
面色,bin7-sik4
唱曲,tshiunn3-khik4
出喙,tshut4-tshui3
芋仔,oo7-a2
應當,ing1-tong1,ing3-tong1
鬆鬆,sang1-sang1
澩澩,haunnh8-haunnh8
阿兄,a1-hiann1
跋筊,puah8-kiau2
羊眩,iunn5-hin5
川旭,tshuan1-hiok4
七十九,tshit4-tsap8-kau2
噷噷,hmh8-hmh8
俗語,siok8-gi2
媒人喙,hm5-lang5-tshui3
糊瘰瘰,hoo5-lui3-lui3
氣力,khui3-lat8
倒欱,to3-hop4
鼻,phinn7
異鄉,i7-hiong1
酸楚,sng1-tsho2
掠坦橫,liah8-than2-huenn5
粗,tshoo1
總會,tsong2--e7
抱入,pho7-jip8
走江湖,tsau2-kang1-oo5
掛咧,kua3--leh4
通鼓,thong1-koo2
乞食,khit4-tsiah8
唪鼓,phiang7-koo2
師傅,sai1-hu7
拂,hut4
毋著去,m7-tioh8--khi3
昨日,tsoh8-jit8
前往,tsian5-ong2
文史,bun5-su2
父,hu7
葉,iap8
石濤,tsioh8-to5
靈堂,ling5-tng5
跪拜,kui7-pai3
古錐,koo2-tsui1
喓喓,iaunn1-iaunn1
長老,tiunn2-lo2
揖禮,ip4-le2
賓,pin1
主,tsu2
坐落,tse7--loh8
接咧,tsiap4--leh4
感染,kam2-jiam2
年歲,ni5-hue3
感染者,kam2-jiam2-tsia2
佔,tsiam3
多數,to1-soo3
一廿,it4-jiap8
望,bang7
有當,u7-tang3
版,pan2
失,sit4
察覺,tshat4-kak4
改正,ke2-tsiann3
死神,si2-sin5
走相逐,tsau2-sio1-jik4
嫂仔,so2--a2
仍然,jing5-jian5
聖經句,sing3-king1-ku3
揹仔內,phainn7-a2-lai7
名車,mia5-tshia1
防賊系統,hong5-tshat8-he7-thong2
弱毋,jioh8--m7
搵醬,un3-tsiunn3
蒜茸,suan3-jiong5
柔道,jiu5-to7
擒拿術,khim5-na2-sut8
西施,se1-si1
過肩摔,kue3-king1-siak4
金寶螺,kim1-po2-le5
卵,nng7
挼,lue5,jue5
聽見,thiann1-kinn3
巷仔頭,hang7-a2-thau5
喈一聲,kainn1--tsit8-siann1
心梗窒,sim1-kenn2-that4
發作,huat4-tsok4
引起,in2-khi2
心律,sim1-lut8
不整,put4-tsing2
無張持,bo5-tiunn1-ti5
敱落去,khainn2--loh8-khi3
喀,khennh8
規半晡,kui1-puann3-poo1
雲林縣,hun5-lim5-kuan7
古坑鄉,koo2-khenn1-hiong1
圓環,inn5-khuan5
薑母鴨,kiunn1-bo2-ah4
老店,lau7-tiam3
安檢,an1-kiam2
空隙,khang1-khiah4
假釋犯,ka2-sik4-huan7
刜傷,phut4-siong1
觀護人,kuan1-hoo7-jin5
內行人,lai7-hang5-lang5
形威,hing5-ui1
外行的,gua7-hang5--e5
惡確確,ok4-khiak8-khiak8
勥跤,khiang3-kha1
中橫,tiong1-huainn5
公路,kong1-loo7
沿路,ian5-loo7
坎坎坷坷,kham2-kham2-khiat8-khiat8
路草,loo7-tshau2
險惡,hiam2-ok4
往往,ong2-ong2
行咧,kiann5--leh4
停咧,thing5--leh4
嫌犯,hiam5-huan7
捌貨,bat4-hue3
六十萬,lak8-tsap8-ban7
小提琴,sio2-the5-khim5
俗賣,siok8-be7
良,liong5
苦,khoo2
病症,penn7-tsing3
後來,au7--lai5
廖,liau7
瓊枝,khing5-ki1
獨特,tok8-tik8
苦旦,khoo2-tuann3
哭腔,khau3-khiunn1
歌仔戲,kua1-a2-hi3
沓沓仔,tauh8-tauh8-a2
拍響,phah4-hiang2
名號,mia5-ho7
外省仔,gua7-sing2-a2
阿公,a1-kong1
恬去矣,tiam7--khi3--ah4
職缺,tsit4-khueh4
百外,pah4-gua7
木雕,bok8-tiau1
創新,tshong3-sin1
柴屐,tsha5-kiah8
出頭天,tshut4-thau5-thinn1
大灶,tua7-tsau3
人家,jin5-ke1
臨時,lim5-si5
磚仔,tsng1-a2
砌,kih4
烘爐,hang1-loo5
坩,khann1
大鼎,tua7-tiann2
用的,iong7--e5,ing7--e5
紅面番鴨,ang5-bin7-huan1-ah4
活動中心,uah8-tang7-tiong1-sim1
鼾鼾睏,konn5-konn5-khun3
常常,siong5-siong5
鼾,konn5
大膽,tua7-tann2
胳胴跤,kueh4-lang1-kha1
鋏,giap4
螢幕,ing5-boo7
冗冗,liong7-liong7
網咖,bang7-ka1
家私頭仔,ke1-si1-thau5--a2
喙空,tshui3-khang1
抐,la7
刮,kuih4
疼袂,thiann3--be7
電梯門,tian7-thui1-mng5
滑滑,kut8-kut8
交落,ka1-lauh8
毋是,m7-si7
惹,jia2
食的,tsiah8--e5
雞肉,ke1-bah4
魚肉,hi5-bah4
衛生紙,ue7-sing1-tsua2
尿苴仔,lio7-tsu7-a2
衫褲,sann1-khoo3
二手的,ji7-tshiu2--e5
全新的,tsuan5-sin1--e5
真俗,tsin1-siok8
頭對,thau5-tui3
優,iu1
勝,sing3
劣,luat8
敗,pai7
競爭,king3-tsing1
破壞,pho3-huai7
糜糜卯卯,mi1-mi1-mauh4-mauh4
歌聲,kua1-siann1
絃仔,hian5-a2
美妙,bi2-biau7,bi2-miau7
旋律,suan5-lut8
傳達出去,thuan5-tat8--tshut4-khi3
青年,tshing1-lian5
細,se3
染著,jiam2-tioh8
腦膜炎,nau2-mooh8-iam7
好起來,ho2--khi2-lai5
踏著,tah8-tioh8
水池,tsui2-ti5
路糊糜,loo7-koo5-muai5
尻川,kha1-tshng1
爍爁,sih4-nah4
過手,kue3-tshiu2
喃,nauh4
鬥搭,tau3-tah4
使,sai2
鬼咧,kui2--leh4
漚,au3
梨仔,lai5-a2
假,ke2
蘋果,phong7-ko2
樹薯,tshiu7-tsi5
假做,ke2-tso3
蓮藕粉,lian5-ngau7-hun2
販賣,huan3-be7
動物,tong7-but8
保護法,po2-hoo7-huat4
規定,kui1-ting7
掠獸夾,liah8-siu3-ngeh4
卿雲廟,khing1-hun5-bio7
迎請,ngia5-tshiann2
李府,li2-hu2
王爺,ong5-ia5
鹽埕,iam5-tiann5
頭鼓,thau5-koo2
疫情,ik8-tsing5
蟯蟯動,ngiauh8-ngiauh8-tang7
門診,mng5-tsin2
急診,kip4-tsin2
新流感,sin1-liu5-kam2
病人,penn7-lang5
扭,ngiu2
腰,io1
顯,hian2
心適,sim1-sik4
豆莢,tau7-ngueh4
莢,ngueh4
三十五,sann1-tsap8-goo7
知名,ti1-mia5
服裝,hok8-tsong1
偽造,gui7-tso7
標頭,phiau1-thau5
老主顧,lau7-tsu2-koo3
做了,tso3-liau2
宋盼,song3-phan3
降下,kang3-ha7
金珠仔,kim1-tsu1-a2
冰雹,ping1-phauh8
無彩,bo5-tshai2
苦心,khoo2-sim1
紲,sua3
水沫,sui2-pheh8
新竹市,sin1-tik4-tshi7
胃腸炎,ui7-tng5-iam7
擗出,phiak8-tshut4
大腸,tua7-tng5
拍空,phah4-khang1
緊急,kin2-kip4
手術,tshiu2-sut8
過面,kue3-bin7
大龐,tua7-phiang7
動作,tong7-tsok4
飯桶,png7-thang2
一擺,tsit8-pai2
鵝母,go5-bo2
尻脊骿,kha1-tsiah4-phiann1,ka1-tsiah4-phiann1
頂懸,ting2-kuan5
趨落來,tshu1--loh8-lai5
短短,te2-te2
淹起來,im1--khi2-lai5
受困,siu7-khun3
無通,bo5-thang1
家長,ka1-tiunn2
咇咇掣,phih8-phih8-tshuah4
越南籍,uat8-lam5-tsik8
匹偶,phit4-ngoo2
警方,king2-hong1
閘車,tsah8-tshia1
扣去,khau3-khi3
派出所,phai3-tshut4-soo2
無代無誌,bo5-tai7-bo5-tsi3
嗙,phngh4
便若,pian7-na7
借款人,tsioh4-khuan2-jin5
伻還,phenn1-hing5
細漢的,se3-han3--e5
拍做,phah4-tso3
重傷,tang7-siong1
潑,phuah4
油漆,iu5-tshat4
倚靠,ua2-kho3
雪文沫,sap4-bun5-phueh8
薄,poh8
醫界,i1-kai3
煏,piak4
見笑代,kian3-siau3-tai7
交結,kau1-kiat4
金光黨,kim1-kong1-tong2
保險金,po2-hiam2-kim1
騙了了,phian3-liau2-liau2
虎龍豹彪,hoo2-liong5-pa3-piu1
烏頭觳仔,oo1-thau5-khok4-a2
中低海拔,tiong1-ke7-hai2-puat8
鳥類,tsiau2-lui7
臺東,tai5-tang1
果子園,kue2-tsi2-hng5
公園,kong1-hng5
嫁人,ke3--lang5
舂臼槌,tsing1-khu7-thui5
舂米,tsing1-bi2
簸箕,pua3-ki1
簸,pua3
掃,sau3
塗跤,thoo5-kha1
奉待,hong7-thai7
翁姑,ong1-koo1
夠額矣,kau3-giah8--ah4
捌字,bat4-ji7
無路用,bo5-loo7-iong7
坪,phenn5
套房,tho3-pang5
家具,ka1-ku7
佛門,hut8-mng5
法師,huat4-su1
姐弟,tsia2-te7
財產,tsai5-san2
參,tsham1
垃圾話,lah4-sap4-ue7
講出,kong2-tshut4
立委,lip8-ui2
立場,lip8-tiunn5
洩漏,siap8-lau7
內情,lue7-tsing5
愛文,ai3-bun5
檨仔,suainn7-a2
外銷,gua7-siau1
銷往,siau1-ong2
北海道,pak4-hai2-to7
親率,tshin1-suai3
素還真,soo3-huan5-tsin1
妖后,iau1-hio7
月神,gueh8-sin5
霹靂,phik4-lik8
柴尪仔,tsha5-ang1-a2
明星,bing5-tshenn1
虎尾,hoo2-bue2
布袋戲館,poo3-te7-hi3-kuan2
開演,khai1-ian2
勞委會,lo5-ui2-hue7
牚牢咧,thenn3-tiau5--leh4
桃竹苗區,tho5-tik4-biau5-khu1
就業,tsiu7-giap8
中心,tiong1-sim1
資方,tsu1-hong1
排斥,pai5-thik4
辛勞,sin1-lo5
允頭路,in2-thau5-loo7
聖經,sing3-king1
態度,thai7-too7
頕頭,thim3-thau5
阿炮,a1-phau3
斟,thin5
烏龍師的,oo1-liong5-sai1--e5
祕訣,pi3-kuat4
準咧,tsun2--leh4
師的,sai1--e5
多多,to1-to1
指教,tsi2-kau3
畜產,thiok4-san2
試驗所,tshi3-giam7-soo2
郭,kueh4
猛德,bing2-tik4
研發,gian2-huat4
三段式,sann1-tuann7-sik4
屎尿,sai2-jio7
系統,he7-thong2
麥,beh8
糶,thio3
小丑仔,siau2-thiu2-a2,siau2-thiunn2-a2
藝名,ge7-mia5
脫線,thuat4-suann3
挩窗,thuah4-thang1
密密,bat8-bat8
烏點,oo1-tiam2
筊本矣,kiau2-pun2--ah4
公家,kong1-ka1
退休金,thue3-hiu1-kim1
平均,ping5-kun1
勞工,lo5-kang1
兩萬,nng7-ban7
量,liong7
拍賣,phah4-be7
塗魠魚,thoo5-thuh4-hi5
臺鐵,tai5-thih4
脫箠,thut4-tshe5
緊縒慢,kin2-tsuah8-ban7
頂禮拜,ting2-le2-pai3
臺大,tai5-tai7
學系,hak8-he7
某乜,boo2-mi2
紹介,siau7-kai3
石杵,tsioh8-thu2
萬外,ban7-gua7
鉼,phiann2
鐵鉼,thih4-phiann2
㧌去矣,mau1--khi3--ah4
椅仔,i2-a2
撨,tshiau5
直,tit8
桌仔,toh4-a2
搝,giu2
敨開,thau2--khui1
撥一下,puah4--tsit8-e7
機艙,ki1-tshng1
標誌,piau1-tsi3
逃生,to5-sing1
懸踏鞋,kuan5-tah8-e5
褪掉,thng3-tiau7
有關,iu2-kuan1
救生,kiu3-sing1
事項,su7-hang7
卡,kha2
簽,tshiam1
七萬,tshit4-ban7
兩星,nng7-tshenn1
碰,pong7
幫,pang1
孤支,koo1-ki1
號碼,ho7-ma2
孤碰,koo1-phong3
專車,tsuan1-tshia1
四十八,si3-tsap8-peh4
四千,si3-tshing1
三星,sann1-tshenn1
是乎,si7--honnh4
拜二,pai3-ji7
開的,khui1--e5
版路,pan2-loo7
十八仔,sip8-pat4-a2
開開開,khui1-khui1-khui1
較講,khah4-kong2
住所,tsu7-soo2
台中市,tai5-tiong1-tshi7
清水區,tshing1-tsui2-khu1
北埔里,pak4-poo1-li2
鄰,lin5
大街路,tua7-ke1-loo7
七十四,tshit4-tsap8-si3
巷,hang7
總統府,tsong2-thong2-hu2
台北市,tai5-pak4-tshi7
重慶南路,tiong5-khing3-lam5-loo7
二十二,ji7-tsap8-ji7
紲接,sua3-tsiap4
柴,tsha5
添,thiam1
上好,siong7-ho2
觸,tak4
激膠,kik4-ka1
相刜,sio1-phut4
雞鴨,ke1-ah4
落田,loh8-tshan5
菜蔬,tshai3-se1
補貼,poo2-thiap4
觸舌,tak4-tsih8
頭毛,thau5-mng5
黏黐黐,liam5-thi1-thi1
膏膏,ko5-ko5
十外,tsap8-gua7
會得過,e7-tit4-kue3
兄弟仔,hiann1-ti7-a2
縣長,kuan7-tiunn2
甜甜,tinn1-tinn1
媠噹噹,sui2-tang1-tang1
褲底,khoo3-te2
好好,ho2-ho2
破空,phua3-khang1
新郎,sin1-long5
懸懸,kuan5-kuan5
囝孫,kiann2-sun1
代代,tai7-tai7
狀元,tsiong7-guan5
手,tshiu2
天長地久,thian1-tiong5-te7-kiu2
萬年,ban7-ni5
茶,te5
可憐,kho2-lian5
落喉,loh8-au5
拍歹,phah4-phainn2
行情,hang5-tsing5
阿娟,a1-kuan1
後生呢,hau7-senn1--nih4
敢矣呢,kann2--ah4--nih4
欶,suh4
空氣,khong1-khi3
飽矣呢,pa2--ah4--nih4
去啦嘿,khi3--lah4--heh4
開刀無,khui1-to1--bo5
灶,tsau3
鼎,tiann2
散赤,san3-tshiah4
曷著,ah8-tioh8
辯解,pian7-kai2
功課,kong1-kho3
耍,sng2
救護車,kiu3-hoo7-tshia1
鹹,kiam5
滷肉飯,loo2-bah4-png7
腥臊,tshenn1-tshau1
旋,suan1
客氣啦,kheh4-khi3--lah4
哺,poo7
明仔暗,bin5-a2-am3
落雨的,loh8-hoo7--e5
阿滿,a1-mua2
姨,i5
惜𪜶無,sioh4--in1--bo5
月桃花,gueh8-tho5-hue1
卯咧,mauh4--leh4
傳來,thuan5-lai5
一陣仔,tsit8-tsun7-a2
一陣,tsit8-tsun7
抓咧,jiau3--leh4
八十,peh4-tsap8
走馬燈,tsau2-be2-ting1
遨,go5
一箍遛遛,tsit8-khoo1-liu3-liu3
殕殕,phu2-phu2
霧霧,bu7-bu7
大嫂,tua7-so2
準若,tsun2-na7
油煙,iu5-ian1
喝的,huah4--e5
團結,thuan5-kiat4
猶有,iau2-u7
汽水,khi3-tsui2
糖,thng5
感慨起來,kam2-khai3--khi2-lai5
大川,tai7-tshuan1
倯,song5
神經,sin5-king1
落台,loh8-tai5
毋成猴,m7-tsiann5-kau5
登台,ting1-tai5
表演,piau2-ian2
厝邊兜,tshu3-pinn1-tau1
加講話,ke1-kong2-ue7
阿英,a1-ing1
事事,su7-su7
倚靠人,ua2-kho3--lang5
日日,jit8-jit8
消磨,siau1-moo5
步步,poo7-poo7
一一,it4-it4
解說,kai2-sueh4
萬萬,ban7-ban7
足足,tsiok4-tsiok4
頓,tng3
冷冷,ling2-ling2
脆脆,tshe3-tshe3
攪攪咧,kiau2-kiau2--leh4
煎,tsian1
馬鈴薯,ma2-ling5-tsi5
蔥頭,tshang1-thau5
抐抐開,la7-la7--khui1
炒,tsha2
抐抐咧,la7-la7--leh4
崁,kham3
翕一時,hip4--tsit8-si5
睏睏咧,khun3-khun3--leh4
收收,siu1-siu1
炒炒,tsha2-tsha2
熟,sik8
問問咧,mng7-mng7--leh4
清清楚楚,tshing1-tshing1-tsho2-tsho2
花矸仔,hue1-kan1-a2
挵挵破,long3-long3--phua3
喙齒,tshui3-khi2
哺哺,poo7-poo7
弟,ti6
割割,kuah4-kuah4
塗豆,thoo5-tau7
擘擘,peh4-peh4
高麗,ko1-le5
烘烘,hang1-hang1
軟,nng2
切,tshiat4
塑膠管,sok4-ka1-kong2
拗,au2
曲,khiau1
麵,mi7
燒燒燒,sio1-sio1-sio1
寒天,kuann5-thinn1
冷冷冷,ling2-ling2-ling2
粉粉粉,hun2-hun2-hun2
肥肉,pui5-bah4
飫飫飫,ui3-ui3-ui3
皮膚,phue5-hu1
摸起來,bong1--khi2-lai5
幼幼幼,iu3-iu3-iu3
囡仔咧,gin2-a2--leh4
肉肉肉,bah4-bah4-bah4
紅紅紅,ang5-ang5-ang5
竹篙,tik4-ko1
長長長,tng5-tng5-tng5
𠕇𠕇𠕇,ting7-ting7-ting7
塗豆湯,thoo5-tau7-thng1
炕,khong3
綿綿綿,mi5-mi5-mi5
白白白,peh8-peh8-peh8
罩霧,ta3-bu7
白茫茫,peh8-bong5-bong5
蔥仔,tshang1-a2
菜頭,tshai3-thau5
白蔥蔥,peh8-tshang1-tshang1
鞋仔,e5-a2
白鑠鑠,peh8-siak4-siak4
活跳跳,uah8-thiau3-thiau3
死翹翹,si2-khiau3-khiau3
喙鬚,tshui3-tshiu1
老硞硞矣,lau7-khok4-khok4--ah4
某喔,boo2--ooh4
行透透,kiann5-thau3-thau3
無暝無日,bo5-me5-bo5-jit8
南北二路,lam5-pak4-ji7-loo7
芳貢貢,phang1-kong3-kong3
油蔥餅,iu5-tshang1-piann2
你咧,li2--leh4
膨皮膨皮,phong3-phue5-phong3-phue5
磨,bua5
利閃閃,lai7-siam2-siam2
肥朒朒,pui5-lut4-lut4
歹勢喔,phainn2-se3--ooh4
本底,pun2-te2
烏㽎㽎,oo1-sim3-sim3
白矣,peh8--ah4
烏趖趖,oo1-so5-so5
行過去矣,kiann5--kue3-khi3--ah4
菜瓜布,tshai3-kue1-poo3
挕捒,hinn3-sak4
眠床,bin5-tshng5
狹櫼櫼,eh8-tsinn1-tsinn1
𤲍燒,kheh4-sio1
面憂面結,bin7-iu1-bin7-kat4
冷去矣,ling2--khi3--ah4
感受,kam2-siu7
燒滾滾,sio1-kun2-kun2
鹹篤篤,kiam5-tok4-tok4
會食得,e7-tsiah8--tit4
硞硞輾,khok8-khok8-lian3
球,kiu5
揣無,tshue7-bo5
沓沓滴滴,tap8-tap8-tih4-tih4
零零星星,lan5-lan5-san1-san1
齊全,tsiau5-tsng5
窸窸窣窣,si1-si1-sut8-sut8
欺騙我,khi1-phian3--gua2
用意,iong7-i3
散仙散仙,suann3-sian1-suann3-sian1
脫線脫線,thuat4-suann3-thuat4-suann3
儑面儑面,gam7-bin7-gam7-bin7
數想,siau3-siunn7
拐,kuai2
瘦搐搐,san2-tiuh4-tiuh4
阿宏,a1-hong5
老實老實,lau2-sit8-lau2-sit8
阿莉,a1-li7
彎彎曲曲,uan1-uan1-khiau1-khiau1
阿志,a1-tsi3
客氣客氣,kheh4-khi3-kheh4-khi3
客客氣氣,kheh4-kheh4-khi3-khi3
聽講,thiann1-kong2
鬼鬼怪怪,kui2-kui2-kuai3-kuai3
捎無摠,sa1-bo5-tsang2
阿玲,a1-ling5
俊的,tsun3--e5
狡怪狡怪,kau2-kuai3-kau2-kuai3
粗魯粗魯,tshoo1-loo2-tshoo1-loo2
拚,piann3
路用,loo7-ing7
分紅,pun1-ang5
火燒厝矣,hue2-sio1-tshu3--ah4
戇大呆乎,gong7-tua7-tai1--honnh4
久久仔,ku2-ku2-a2
聽了,thiann1-liau2
調血,tiau7-hueh4
補血,poo2-hueh4
血路,hueh4-loo7
調,tiau7
順順順,sun7-sun7-sun7
精,tsing1
神,sin5
飽足,pa2-tsiok4
緊緊,kin2-kin2
平平,penn5-penn5
參茸,som1-jiong5
藥酒,ioh8-tsiu2
百仙,pah4-sian1
親愛的,tshin1-ai3--e5
臭彈,tshau3-tuann7
狗仔,kau2-a2
厝邊隔壁,tshu3-pinn1-keh4-piah4
熟似,sik8-sai7
交陪,kau1-pue5
蘇先生,soo1--sian1-sinn1
交際,kau1-tse3
盤撋,puann5-nua2
做生理,tso3-sing1-li2
合,hah8
你兄我弟,li2-hiann1-gua2-ti7
換準,uann7-tsun2
頭先,thau5-sing1
跋感情,puah8-kam2-tsing5
阿勇仔,a1-iong2--a2
阿君仔,a1-kun1--a2
國仔,kok4--a2
精神,tsing1-sin5
昨暗,tsa1-am3
暝,me5
臆,ioh4
阿六仔,a1-lak8-a2
倒擔,to2-tann3
做生日,tso3-senn1-jit8
豐沛,phong1-phai3
刣掉,thai5-tiau7
新婦,sin1-pu7
師娘,su1-niu5
阿吉仔,a1-kiat4-a2
江,kang1
認,jin7
查埔的,tsa1-poo1--e5
戶口,hoo7-khau2
山區,suann1-khu1
庄跤的,tsng1-kha1--e5
虱目仔,sat4-bak8-a2
早前,tsa2-tsing5
厚刺,kau7-tshi3
特色,tik8-sik4
魚鱗,hi5-lan5
兩百外,nng7-pah4-gua7
肉質,bah4-tsit4
鮮甜,tshinn1-tinn1
粗絲,tshoo1-si1
紅蟳,ang5-tsim5
蟳仔,tsim5-a2
體型,the2-hing5
演說,ian2-suat4
標題,piau1-te5
適當,sik4-tong3
火燒山,hue2-sio1-suann1
牽成,khan1-sing5
換帖的,uann7-thiap4--e5
感情,kam2-tsing5
色水,sik4-tsui2
頭拄仔,thau5-tu2-a2
屎,sai2
應酬,ing3-siu5
定定,tiann7-tiann7
傷重,siong1-tiong7
雞災,ke1-tse1
亞洲,a1-tsiu1
五四三的,goo7-si3-sann1--e5
予你的,hoo7--li2--e5
貓仔,niau1-a2
少數,tsio2-soo3
留落來,lau5--loh8-lai5
滿月,mua2-gueh8
送人,sang3--lang5
古早人,koo2-tsa2-lang5
調查表,tiau5-tsa1-pio2
寫落來,sia2--loh8-lai5
衛生,ue7-sing1
垃圾垃圾,lah4-sap4-lah4-sap4
認同,jin7-tong5
記者,ki3-tsia2
報導,po3-to7
人權,lin5-khuan5
干涉,kan1-siap8
凡事,huan5-su7
請示,tshing2-si7
唸經,liam7-king1
消災解厄,siau1-tsai1-kai2-eh4
官員,kuann1-guan5
民間,bin5-kan1
環評,khuan5-phing5
照理,tsiau3-li2
人客,lang5-kheh4
阿生,a1-sing1
親家,tshin1-ke1
氣象,khi3-siong7
報告,po3-ko3
禮拜二,le2-pai3-ji7
透風,thau3-hong1
疊,thah8
厚的,kau7--e5
久乎,ku2--honnh4
大門,tua7-mng5
尪仔的,ang1-a2--e5
割包,kuah4-pau1
象徵,siong7-ting1
意涵,i3-ham5
正確的,tsing3-khak4--e5
洗頭水,se2-thau5-tsui2
天然,thian1-jian5
兩罐仔,nng7-kuan3-a2
試,tshi3
看覓仔,khuann3-mai7--a2
眼前,gan2-tsian5
朱,tsu1
捌你,bat4--li2
捌伊,bat4--i1
煞未,suah4--bue7
等一下,tan2--tsit8-e7
振作咧,tsin2-tsok4--leh4
各人,kok4-lang5
下毒,he7-tok8
相搶,sio1-tshiunn2
天公伯仔,thinn1-kong1-peh4--a2
賜,su3
予咱的,hoo7--lan2--e5
開破,khui1-phua3
孫仔,sun1-a2
睏睏,khun3-khun3
毋好,m7-ho2
拍矣啦,phah4--ah4--lah4
拍矣,phah4--ah4
敢矣,kann2--ah4
偷提,thau1-theh8
三嬸,sann1-tsim2
袂行得,be7-kiann5--tit4
摃破,kong3-phua3
玻璃,po1-le5
反應過來,huan2-ing3--kue3-lai5
壁頂,piah4-ting2
掛,kua3
幅,pak4
附近,hu3-kin7
影一下,iann2--tsit8-e7
無愛啦,bo5-ai3--lah4
阿達仔,a1-tat8--a2
愛人矣,ai3--lang5--ah4
管待,kuan2-thai7
閒仔代,ing5-a2-tai7
傱,tsong5
一台仔,tsit8-tai5-a2
準時,tsun2-si5
哀爸叫母,ai1-pe7-kio3-bu2
工夫,kang1-hu1
設計,siat4-ke3
軁,nng3
講一聲,kong2--tsit8-siann1
久呢,ku2--neh4
寫過矣,sia2--kue3--ah4
阿珊仔,a1-san1--a2
罵過矣,me7--kue3--ah4
興趣,hing3-tshu3
恐怖片,khiong2-poo3-phinn3
興趣矣,hing3-tshu3--ah4
代誌矣,tai7-tsi3--ah4
清楚矣,tshing1-tsho2--ah4
走一逝,tsau2--tsit8-tsua7
西洋,se1-iunn5
鬼仔節,kui2-a2-tseh4
下課,ha7-kho3
辦公室,pan7-kong1-sik4
清氣,tshing1-khi3
聽喙,thiann1-tshui3
導演,to7-ian2
雅哲,nga2-tiat4
邀請,iau1-tshiann2
信樂團,sin3-gak8-thuan5
主唱,tsu2-tshiunn3
十幾,tsap8-kui2
義工,gi7-kang1
翕,hip4
反核,huan2-hut8
毋挃,m7-tinnh8
宏南,hong5-lam5
宏毅,hong5-ge7
宿舍,sok4-sia3
時期,si5-ki5
建築,kian3-tiok8
從到今,tsing5-kau3-tann1
完整,uan5-tsing2
血癌,hueh4-gam5
化療,hua3-liau5
治療,ti7-liau5
疼搐搐,thiann3-tiuh4-tiuh4
過敏,kue3-bin2
手指,tshiu2-tsi2
倒手,to3-tshiu2
尾二指,bue2-ji7-tsainn2
腫,tsing2
煙腸,ian1-tshiang5
奶水,ling1-tsui2
嘈嘈滴,tshauh8-tshauh8-tih4
嚇驚我,heh4-kiann1--gua2
嚓一下,tshiak8--tsit8-e7
有錢,u7-tsinn5
三妻四妾,sam1-tshe1-su3-tshiap4
四常,su3-siong5
尺,tshioh4
尺的,tshioh4--e5
四方的,su3-hong1--e5
通緝令,thong1-tship4-ling7
洪先生,ang5--sian1-sinn1
翼,sit8
無要無意,bo5-iau3-bo5-i3
剉,tsho3
拆,thiah4
鹽,iam5
一撮仔,tsit8-tshok4-a2
慘慼,tsham2-tshueh4
說,sueh4
薰,hun1
焠,tshuh4
輾輾咧,lian3-lian3--leh4
跩跩咧,tsuainn7-tsuainn7--leh4
稻草,tiu7-tshau2
辮出,pinn7-tshut4
花字,hue1-ji7
甜粿,tinn1-kue2
八寶飯,pat4-po2-png7
年節,ni5-tsueh4
秫米,tsut8-bi2
歹矣,phainn2--ah4
張掇,tiunn1-tuah4
封建,hong1-kian3
制度,tse3-too7
拍破,phah4-phua3
開創,khai1-tshong3
現代化,hian7-tai7-hua3
尾仔,bue2--a2
官僚,kuann1-liau5
政客,tsing3-kheh4
奪取,tuat8-tshu2
囤,tun2
手下,tshiu2-e7
滇狂,tian1-kong5
城門,siann5-mng5
門扇,mng5-sinn3
劃,uih8
袋,te7
剪去,tsian2--khi3
剪綹仔,tsian2-liu2-a2
月日,geh8-jit8
收割,siu1-kuah4
到嘛,kau3--mah4
攑目,giah8-bak8
園,hng5
割啦,kuah4--lah4
西部,sai1-poo7
後山,au7-suann1
行袂開跤,kiann5-bue7-khui1-kha1
黏咧,liam5--leh4
傳道,thuan5-to7
見聞記,kian3-bun5-ki3
降祥,kang3-siong5
草堆頂,tshau2-tui1-ting2
眠夢,bin5-bang7
兒童,ji5-tong5
宗教,tsong1-kau3
懷恩,huai5-un1
雜錄,tsap8-liok8
近近,kin7-kin7
一霎仔久,tsit8-tiap4-a2-ku2
海,hai2
東洋,tang1-iunn5
景,king2
將來,tsiong1-lai5
用心,ing7-sim1
大大,tua7-tua7
整頓,tsing2-tun3
的確,tik4-khak4
集倚,tsip8-ua2
享福,hiong2-hok4
安樂,an1-lok8
管見,kuan2-kian3
培火,pue5-hue2
論,lun7
白話字,peh8-ue7-ji7
漢章,han3-tsiong1
牧師,bok8-su1
茂清,boo7-tshing1
交戰,kau1-tsian3
臺南,tai5-lam5
府城,hu2-siann5
教會報,kau3-hue7-po3
編輯室,pian1-tsip8-sik4
賴,lua7
仁聲,jin5-sing1
越頭過來,uat8-thau5--kue3-lai5
天真,thian1-tsin1
浪漫,long7-ban7
燈塔,ting1-thah4
討海,tho2-hai2
靠岸,kho3-huann7
漁港,hi5-kang2
奉獻,hong7-hian3
迷失,be5-sit4
烏烏暗暗,oo1-oo1-am3-am3
中央,tiong1-ng1
平仔,pinn5-a2
盧,loo5
誕春,tan3-tshun1
